predictions,,,,,,,
,GPU - Non quantized.  SIZE = 531MB,static_quantised_cpu        SIZE = 143MB,Hybrid static RNN size  —143 MB,dynamic_quantised_cpu.      SIZE = 196MB,Dynamic RNNT      size 196 MB ,cpu_non_quantised.     SIZE = 531MB,ground_truth
,WER - 21.82%      Avg Inference time - 0.025 sec,WER - 22.21%      Avg Inference time - 0.831 sec,WER 22.06%.     Avg inf time 0.798,WER - 22.14%      Avg Inference time - 0.808 sec,WER 22.14%.   Inf tim 0.697,WER - 21.82%      Avg Inference time - 0.580 sec,
0,जम्मू कश्मीर के लेफ्टिनेंट गवर्डर श्री मनोज सिन्हा जी,जम्मू कश्मीर के लेफ्टिनेंट गवर्नर श्री मनोज सिन्हा जी,,जम्मू कश्मीर के लेफ्टिनेंट गवर्डर श्री मनोज सिन्हा जी,,जम्मू कश्मीर के लेफ्टिनेंट गवर्डर श्री मनोज सिन्हा जी,"जम्मू-कश्मीर के लेफ्टिनेंट गवर्नर श्री मनोज सिन्हा जी, "
1,केंद्रीय मंत्रिमंडल के मेरे सहयोगी श्री प्रताप राव जाधव जी,केंद्रीय मंत्रिमंडल के मेरे सहयोगी श्री प्रताप राव जाधव जी,,केंद्रीय मंत्रिमंडल के मेरे सहयोगी श्री प्रताप राव जाधव जी,,केंद्रीय मंत्रिमंडल के मेरे सहयोगी श्री प्रताप राव जाधव जी,केंद्रीय मंत्रीमंडल के मेरे सहयोगी श्री प्रतापराव जाधव जी
2,अन्य सभी महानुभव और जम्मू कश्मीर के कोने कोने से ही,अन्य सभी महानुभाव और जम्मू कश्मीर के कोने कोने से ही,,अन्य सभी महानुभव और जम्मू कश्मीर के कोने कोने से ही,,अन्य सभी महानुभव और जम्मू कश्मीर के कोने कोने से ही,अन्य सभी महानुभाव और जम्मू-कश्मीर के कोने-कोने से
3,जुड़े मेरे युवा साथी अन्य सभी भाईय और ारानाााा,जुड़े मेरे युवा साथी अन्य सभी भाय ारानाराा,,जुड़े मेरे युवा साथी अन्य सभी भाईय और ानााा,,जुड़े मेरे युवा साथी अन्य सभी भाईय और ारानाााा,"जुड़े मेरे युवा साथी, अन्य सभी भाइयों"
4,बहन साथियों आज सुबह जब मैं,बहन साथियों आज सुबह जब मैं,,बहन साथियों आज सुबह जब मैं,,बहन साथियों आज सुबह जब मैं,"और बहन!साथियों,आज सुबह जब मैं"
5,दिल्ली से श्रीनगर के लिए आने की तैयारी कर रहा था,दिल्ली से श्रीनगर के लिए आने की तैयारी कर रहा था,,दिल्ली से श्रीनगर के लिए आने की तैयारी कर रहा था,,दिल्ली से श्रीनगर के लिए आने की तैयारी कर रहा था,दिल्ली से श्रीनगर के लिए आने की तैयारी कर रहा था 
6,तो ऐसे ही मेरा मन बहुत उत्साह से भरा हुआ था,तो ऐसे ही मेरा मन बहुत उत्साह से भरा हुआ था,,तो ऐसे ही मेरा मन बहुत उत्साह से भरा हुआ था,,तो ऐसे ही मेरा मन बहुत उत्साह से भरा हुआ था, तो ऐसे ही मेरा मन बहुत उत्साह से भरा हुआ था 
7,और मैं सोचता था कि आज इतना उत्साह उमंग मेरे मन में क्यों उमड़ रहा है,और मैं सोचता था कि आज इतना उत्साह उम मेरे मन में क्यों उमड़ रहा है,,और मैं सोचता था कि आज इतना उत्साह उमंग मेरे मन में क्यों उमड़ रहा है,,और मैं सोचता था कि आज इतना उत्साह उमंग मेरे मन में क्यों उमड़ रहा है,और मैं सोच रहा था कि आज इतना उत्साह उमंग मेरे मन में क्यों उमड़ रहा है 
8,तो मुझे दो वजह की तरफ मेरा ध्यान गया वैसे तीसरी वजह भी,तो मुझे दो वजह की तरफ मेरा ध्यान गया वैसे तीसरी वजहह भी,,तो मुझे दो वजह की तरफ मेरा ध्यान गया वैसे तीसरी वजह भी,,तो मुझे दो वजह की तरफ मेरा ध्यान गया वैसे तीसरी वजह भी, तो मुझे दो वजह की तरफ मेरा ध्यान गया वैसे एक तीसरी वजह 
9,है क्योंकि मैंने लम्बे अर्से तक यहाँ रह कर के काम किया है,है क्योंकि मैंने लंबे अर्से तक यहाँ रह कर के काम किया है,,है क्योंकि मैंने लंबे अर्से तक यहाँ रह कर के काम किया है,,है क्योंकि मैंने लम्बे अर्से तक यहाँ रह कर के काम किया है,भी है क्यों मैंने लंबे अर्से तक यहां रहकर के काम किया है
10,तो मैं बहुत पुराने लोगों से परिचित हूं अलग अलग इलाकों से बहुत गहरा नाता रहा है,तो मैं बहुत पुराने लोगों से परिचित हूं अलग अलग इलाकों से बहुत गहरा नाता रहा है,,तो मैं बहुत पुराने लोगों से परिचित हूं अलग अलग इलाकों से बहुत गहरा नाता रहा है,,तो मैं बहुत पुराने लोगों से परिचित हूं अलग अलग इलाकों से बहुत गहरा नाता रहा है,तो मैं बहुत पुराने लोगों से परिचित हूं अलग-अलग इलाकों से बहुत गहरा नाता रहा है 
11,तो वो तो यादा ताजे होना बहुत स्वाभाविक है लेकिन दो वजह की तरफ मेरा ध्यान बहुत्वा,तो वो तो यादा ताजे होना बहुत स्वाभाविक है लेकिन दो वजह की तरफ मेरा ध्यान बहुत सवा,,तो वो तो यादा ताजे होना बहुत स्वाभाविक है लेकिन दो वजह की तरफ मेरा ध्यान बहुत स्वा,,तो वो तो यादा ताजे होना बहुत स्वाभाविक है लेकिन दो वजह की तरफ मेरा ध्यान बहुत्वा, तो वो तो यादें ताजा होना बहुत स्वाभाविक है लेकिन दो वजह की तरफ मेरा ध्यान बहुत
12,स्वभाविक गया है आज के इस कार्यक्रम में जग्मू,प्राभाविक गया आज के इस कार्यक्रम में ज्मूा,,स्वभाविक गया है आज के इस कार्यक्रम में जगमू,,स्वभाविक गया है आज के इस कार्यक्रम में जग्मू,स्वाभाविक गया है आज के इस कार्यक्रम में जम्मू-
13,कश्मीर की तरक्की से जुड़े प्रोजेक्ट्स का काम और दूसरा,कश्मीर की तरक्की से जुड़े प्रोजेक्ट्स का काम और दूसरा,,कश्मीर की तरक्की से जुड़े प्रोजेक्ट्स का काम और दूसरा,,कश्मीर की तरक्की से जुड़े प्रोजेक्ट्स का काम और दूसरा,कश्मीर की तरक्की से जुड़े प्रोजेक्ट्स का काम और दूसरा 
14,लोकसभा इलेक्शन के बाद ये कश्मीर के भाइयों और बहनों से मेरी,लोकसभा इलेक्शन के बाद ये कश्मीर के भाइईयों और बहनों से मेरे,,लोकसभा इलेक्शन के बाद ये कश्मीर के भाइईों और बहनों से मेरी,,लोकसभा इलेक्शन के बाद ये कश्मीर के भाइयों और बहनों से मेरी,लोकसभा इलेक्शन के बाद ये कश्मीर के भाइयों और बहनों से मेरी
15,पहली मुलाकात,पहली मुलाकात,,पहली मुलाकात,,पहली मुलाकात, पहली मुलाकात 
16,साथियों मैं भी पिछले सप्ताह इटली में,साथियों मैं भी पिछले सप्ताह इटली,,साथियों मैं भी पिछले सप्ताह इटली में,,साथियों मैं भी पिछले सप्ताह इटली में,साथियों मैं अभी पिछले सप्ताह इटली
17,मैं जी सेवन की बैठक में शामिल होक के आया हूँ,मैं जी सेवन की बैठक में शामिल होकर के आया हूँ,,मैं जी सेवन की बैठक में शामिल होक के आया हूँ,,मैं जी सेवन की बैठक में शामिल होक के आया हूँ,में जी-सेवन की बैठक में शामिल होकर के आया हूं 
18,और जैसा मनोज जी ने बताया तीन बार,और जैसा मनोज जी ने बताया तीन बार,,और जैसा मनोज जी ने बताया तीन बार,,और जैसा मनोज जी ने बताया तीन बार, और जैसा मनोज जी ने बताया तीन बार
19,किसी सरकार का लगातार बनना इस कंटिन्यूटी,किसी सरकार का लगातार बनना इस कंटिन्यूटी,,किसी सरकार का लगातार बनना इस कंटिन्यूटी,,किसी सरकार का लगातार बनना इस कंटिन्यूटी,"किसी सरकार का लगातार बनना, इस कंटीन्यूटी "
20,बहुत बड़ा वैश्विक प्रभाव होता है,बहुत बड़ा वैश्विक प्रभाव होता है,,बहुत बड़ा वैश्विक प्रभाव होता है,,बहुत बड़ा वैश्विक प्रभाव होता है,का बहुत बड़ा वैश्विक प्रभाव होता है 
21,इसे हमारे देश की तरफ देखने का नहीं,इसे हमारे देश की तरफ देखने का नहीं,,इसे हमारे देश की तरफ देखने का नहीं,,इसे हमारे देश की तरफ देखने का नहीं,इससे हमारे देश की तरफ देखने का
22,नजरिया बदलता है दुनिया के दूसरे देश,नजरिया बदलता है दुनिया के दूसरे देश,,नजरिया बदलता है दुनिया के दूसरे देश,,नजरिया बदलता है दुनिया के दूसरे देश,नजरिया बदलता है दुनिया के दूसरे देश
23,भारत के साथ अपने रिश्तों को प्राथमिकता देकर मजबूत हो,भारत के साथ अपने रिश्तों को प्राथमिकता देकर मजबूत हो,,भारत के साथ अपने रिश्तों को प्राथमिकता देकर मजबूत हो,,भारत के साथ अपने रिश्तों को प्राथमिकता देकर मजबूत हो,भारत के साथ अपने रिश्तों को प्राथमिकता देकर मजबूत
24,करते हैं आज हम बहुत भाग्यशाली हैं,करते हैं आज हम बहुत भाग्यशाली हैं,,करते हैं आज हम बहुत भाग्यशाली हैं,,करते हैं आज हम बहुत भाग्यशाली हैं,करते हैं आज हम बहुत भाग्यशाली हैं 
25,आज भारत के नागरिकों का जो मिजाज है,आज भारत के नागरिकों का जो मिजाज है,,आज भारत के नागरिकों का जो मिजाज है,,आज भारत के नागरिकों का जो मिजाज है,"आज भारत के नागरिकों का जो मिजाज है, "
26,ये हमारा देश हम कह सकते हैं हमारी सोसाइटी ये एक्सप्रेशनल और,ये हमारा देश हम कह सकते हैं हमारी सोसाइटी ये एक्सप्रेशनल  और,,ये हमारा देश हम कह सकते हैं हमारी सोसाइटी ये एक्सप्रेशनल और,,ये हमारा देश हम कह सकते हैं हमारी सोसाइटी ये एक्सप्रेशनल और,ये हमारा देश हम कह सकते हैं कि हमारी सोसायटी ये एस्पिरेशन
27,ऑल टाइम हाई है और ल टाइम हाई ऐस,ल टाइम हाई है औरा सल टाइम हाई  इस,,ऑल टाइम हाई है औरस ल टाइम हाई ऐ,,ऑल टाइम हाई है और ल टाइम हाई ऐस,ऑलटाइम हाई है और ऑलटाइम हाई
28,ए्स्परेशंस ये अपने आप में देश की सबसे बड़ी शक्ति होती है जाज,एकए्स्परेशंस ये अपने आप में देश की सबसे बड़ी शक्ति होती है जाज,,ए्स्परेशंस ये अपने आप में देश की सबसे बड़ी शक्ति होती है जाज,,ए्स्परेशंस ये अपने आप में देश की सबसे बड़ी शक्ति होती है जाज,एस्पिरेशंस ये अपने आप में देश की सबसे बड़ी शक्ति होती है जो
29,भारत को नसीब हुई है जब एक्सपिरेशन हाई होती है,भारत को नसीब हुई है जब एक्सपिरेशन हाई होती है,,भारत को नसीब हुई है जब एक्सपिरेशन हाई होती है,,भारत को नसीब हुई है जब एक्सपिरेशन हाई होती है,भारत का नसीब हुई है जब एस्पिरेशन हाई होती है 
30,तो लोगों की सरकार से एक्सपेक्टेशन अपील,तो लोगों की सरकार से एक्सपेक्टेशन अपील,,तो लोगों की सरकार से एक्सपेक्टेशन अपील,,तो लोगों की सरकार से एक्सपेक्टेशन अपील,तो लोगों की सरकार से एक्सपेक्टेशन
31,रक्षाएं भी बहुत ज्यादा बढ़ जाती हैं इन कसौडियों मेंारािा,रक्षाएं भी बहुत ज्यादा बढ़ जाती हैं इन कसौडियों में परारािाा,,रक्षाएं भी बहुत ज्यादा बढ़ जाती हैं इन कसौडियों में पारािा,,रक्षाएं भी बहुत ज्यादा बढ़ जाती हैं इन कसौडियों मेंारािा,अपेक्षाएं भी बहुत ज्यादा बढ़ जाती है इन कसौटियों 
32,ऊ पर परखने के बाद तीसरी बार लोगों ने हमारी सरकार को चुना है,ऊर परखने के बाद तीसरी बार लोगों ने हमारी सरकार को चुना है,,ऊ पर परखने के बाद तीसरी बार लोगों ने हमारी सरकार को चुना है,,ऊ पर परखने के बाद तीसरी बार लोगों ने हमारी सरकार को चुना है,पर परखने के बाद तीसरी बार लोगों ने हमारी सरकार को चुना है 
33,एक एक्सप्रेशनल सोसायटी किसी को दोबारा मल,एक ए्सप्रेशनल सोसायटी किसी को दोबारा म,,एक एक्सप्रेशनल सोसायटी किसी को दोबारा माल,,एक एक्सप्रेशनल सोसायटी किसी को दोबारा मल,एक एस्पिरेशनल सोसायटी किसी को दोबारा
34,मौका नहीं देती उसका एक ही पैरामीटर होता है परफॉर्मेंस,ौका नहीं देती उसका एक ही पैरामीटर होता है परफॉर्मेंस,,मौका नहीं देती उसका एक ही पैरामीटर होता है परफॉर्मेंस,,मौका नहीं देती उसका एक ही पैरामीटर होता है परफॉर्मेंस,मौका नहीं देती उसका एक ही पैरामीटर होता है-परफोर्मेंस 
35,आपने अपने सेवाकाल के दरमन क्या परफॉर्म किया है,आपने अपने सेवाकाल के दरमिन क्या परफॉर्म किया है,,आपने अपने सेवाकाल के दरमन क्या परफॉर्म किया है,,आपने अपने सेवाकाल के दरमन क्या परफॉर्म किया है, आपने अपने सेवाकाल के दरमियान क्या परफोर्म किया है 
36,और वो तो उसको नजर के सामने दिखता है वो सोशल मीडिया से नहीं चलता है व,और वो तो उसको नजर के सामने दिखता है वो सोशल मीडिया से नहीं चलता है,,और वो तो उसको नज़र के सामने दिखता है वो सोशल मीडिया से नहीं चलता है,,और वो तो उसको नजर के सामने दिखता है वो सोशल मीडिया से नहीं चलता है व,"और वो तो उसको नजर के सामने दिखता है वो सोशल मीडिया से नहीं चलता है,"
37,आश्र्त नहीं होता है और ये जो देश ने अनुभव किया उस परफॉर्मेंस को,आश्वर्तनी होता है और ये जो देश ने अनुभव किया उस परफॉर्मेंस को,,आश्रत नहीं होता है और ये जो देश ने अनुभव किया उस परफॉर्मेंस को,,आश्र्त नहीं होता है और ये जो देश ने अनुभव किया उस परफॉर्मेंस को," वो भाषण से नहीं होता है, और ये जो देश ने अनुभव किया, उस परफोर्मेंस को "
38,देखा उसी का नतीजा है कि आज एक सरकार को,देखा उसी का नतीजा है कि आज एक सरकार को,,देखा उसी का नतीजा है कि आज एक सरकार को,,देखा उसी का नतीजा है कि आज एक सरकार को,"देखा, उसी का नतीजा है कि आज एक सरकार"
39,को तीसरी बार आप सबकी सेवा करने का अवसर मिला है,को तीसरी बार आप सबकी सेवा करने का अवसर मिला है,,को तीसरी बार आप सबकी सेवा करने का अवसर मिला है,,को तीसरी बार आप सबकी सेवा करने का अवसर मिला है,को तीसरी बार आप सबकी सेवा करने का अवसर मिला है 
40,जनता को सिर्फ हम पर विश्वास,जनता को सिर्फ हम पर विश्वास,,जनता को सिर्फ हम पर विश्वास,,जनता को सिर्फ हम पर विश्वास,जनता को सिर्फ हम पर विश्वास 
41,और ये विश्वास कि उनकी एक्सपरेशंस को हमारी,और ये विश्वास उनकी एक्सपेरेशंस को हमारी,,और ये विश्वास कि उनकी एक्सपरेशंस को हमारी,,और ये विश्वास कि उनकी एक्सपरेशंस को हमारी,और ये विश्वास उनकी एस्पिरेशन्स को हमारी
42,सरकार ही पूरा कर सकती है जनता को,सरकार ही पूरा कर सकती है जनता को,,सरकार ही पूरा कर सकती है जनता को,,सरकार ही पूरा कर सकती है जनता को, सरकार ही पूरा कर सकती है जनता को
43,हमारी नीयत पर हमारी सरकार की नीतियों पर,हमारी नीयत पर हमारी सरकार की नीतियों पर,,हमारी नीयत पर हमारी सरकार की नीतियों पर,,हमारी नीयत पर हमारी सरकार की नीतियों पर,"हमारी नीयत पर, हमारी सरकार की नीतियों पर "
44,भरोसा है उसको ये थप्पा लगा है और ये जो एक्सप्रेशनल सोसाइटी है,भरोसा है उसको ये  थप्पा लगा है और ये जो एक्सप्रेशनल सोसाइटी है,,भरोसा है उसको ये थप्पा लगा है और ये जो एक्सप्रेशनल सोसाइटी है,,भरोसा है उसको ये थप्पा लगा है और ये जो एक्सप्रेशनल सोसाइटी है,"भरोसा है, उस पर ये ठप्पा लगा है और ये जो एस्पिरेशनल सोसायटी"
45,वो निरंतर अच्छा परफॉर्मेंस चाहती है व तेज वो तेज,वो निरंतर अच्छा परफॉर्मेंस चाहती है वो तेज वोेज,,वो निरंतर अच्छा परफॉर्मेंस चाहती है वो तेज वो तेज,,वो निरंतर अच्छा परफॉर्मेंस चाहती है व तेज वो तेज," है, वो निरंतर अच्छा परफॉर्मेंस चाहती है, वो "
46,त गति से रिजल्ट चाहती है उसे अब लेट लेती है,ते गति से रिजल्ट चाहती है उसे अब लेट लती,,त गति से रिजल्ट चाहती है उसे अब लेट लती है,,त गति से रिजल्ट चाहती है उसे अब लेट लेती है,तेज गति से रिजल्ट चाहती है उसे अब लेट-
47,भी स्वीकार नहीं है होती है चलता है हो जाएगा देखेंगे,भी स्वीकार नहीं है होती है चलता है हो जाएगा देखेंगे,,भी स्वीकार नहीं है होती है चलता है हो जाएगा देखेंगे,,भी स्वीकार नहीं है होती है चलता है हो जाएगा देखेंगे,"लतीफी स्वीकार नहीं है होती है, चलता है, हो जाएगा, देखेंगे"
48,ऐसा करो फिर मिलेंगे वो जमाना चला गया लोग कहते बताओ भैय आज शाम को,ऐसा करो फिर मिलेंगे वो जमाना चला गया लोग कहते बताओ भाई आज शाम को,,ऐसा करो फिर मिलेंगे वो जमाना चला गया लोग कहते बताओ भैय आज शाम को,,ऐसा करो फिर मिलेंगे वो जमाना चला गया लोग कहते बताओ भैय आज शाम को,"सा करो फिर मिलेंगे, वो जमाना चला गया लोग कहते हैं बताओ भई आज शाम "
49,क्या होगा ये मिजाज है आज जनता की उम्मीदों पर चलते,क्या होगा ये मिजाज है आज जनता की उम्मीदों पर चलते हैं,,क्या होगा ये मिजाज है आज जनता की उम्मीदों पर चलते हैं,,क्या होगा ये मिजाज है आज जनता की उम्मीदों पर चलते,को क्या होगा? ये मिजाज है आज जनता की उम्मीदों पर चलते
50,हमारी सरकार परफॉर्म करके दिखाती है,हमारी सरकार परफॉर्म करके दिखाती है,,हमारी सरकार परफॉर्म करके दिखाती है,,हमारी सरकार परफॉर्म करके दिखाती है,"हमारी सरकार परफॉर्म करके दिखाती है, "
51,रिजल्ट ला कररके दिखाती है इसी परफॉर्मेंस के आधार पर,रिजल्ट ला करके दिखाती है इसी परफॉर्मेंस के आधार पर,,रिजल्ट ला कररके दिखाती है इसी परफॉर्मेंस के आधार पर,,रिजल्ट ला कररके दिखाती है इसी परफॉर्मेंस के आधार पर,रिजल्ट लाकर के दिखाती है इसी परफॉर्मेंस के आधार पर 
52,साठ साल के बाद छः दशक के बाद,साठ साल के बाद छह दशक के बाद,,साठ साल के बाद छह दशक के बाद,,साठ साल के बाद छः दशक के बाद,"साठ साल के बाद, छे दशक के बाद"
53,तीसरी बार किसी सरकार को हमारे देश ने चुना है,तीसरी बार किसी सरकार को हमारे देश ने चुना है,,तीसरी बार किसी सरकार को हमारे देश ने चुना है,,तीसरी बार किसी सरकार को हमारे देश ने चुना है,तीसरी बार किसी सरकार को हमारे देश ने चुना है 
54,और इस,और इस,,और इस,,और इस, और इस
55,चुनाव के नतीजों ने ये तीसरी बार सरकार बनने की घटना ने,चुनाव के नतीजों ने ये तीसरी बार सरकार बनने की घटना ने,,चुनाव के नतीजों ने ये तीसरी बार सरकार बनने की घटना ने,,चुनाव के नतीजों ने ये तीसरी बार सरकार बनने की घटना ने,"चुनाव के नतीजों ने, ये तीसरी बार सरकार बनने की घटना ने "
56,पूरी दुनिया को बहुत बड़ा संदेश दिया है,पूरी दुनिया को बहुत बड़ा संदेश दिया है,,पूरी दुनिया को बहुत बड़ा संदेश दिया है,,पूरी दुनिया को बहुत बड़ा संदेश दिया है,पूरी दुनिया को बहुत बड़ा संदेश दिया है 
57,साथियों लोकसभा इलेक्शन में मिले जनादेश का बहुत,साथियों लोकसभा इलेक्शन में मिले जनादेश का बहुत,,साथियों लोकसभा इलेक्शन में मिले जनादेश का बहुत,,साथियों लोकसभा इलेक्शन में मिले जनादेश का बहुत,साथियों लोकसभा इलेक्शन में मिले जनादेश का बहुत
58,बड़ा मैसेज स्थिरता का है स्टेबिलिटी का है,बड़ा मैसेज स्थिरता का है स्टेबिलिटी का है,,बड़ा मैसेज स्थिरता का है स्टेबिलिटी का है,,बड़ा मैसेज स्थिरता का है स्टेबिलिटी का है," बड़ा मैसेज स्थिरता का है, स्टेबिलिटी का है "
59,देश ने आज से बीस साल पहले,देश ने आज से बीस साल पहले,,देश ने आज से बीस साल पहले,,देश ने आज से बीस साल पहले,देश ने आज से बीस साल पहले
60,अनेक प्रकार से पिछली शताब्दी थी वो इक्कीसवीं शताब्दी व बीसवीं शताब्दी थी,अनेक प्रकार से पिछली शताब्दी थी वो इक्कीसवीं शताब्दी व बीसवीं शताब्दी थी,,अनेक प्रकार से पिछली शताब्दी थी वो इक्कीसवीं शताब्दी व बीसवीं शताब्दी थी,,अनेक प्रकार से पिछली शताब्दी थी वो इक्कीसवीं शताब्दी व बीसवीं शताब्दी थी,"यानि एक प्रकार से पिछली शताब्दी थी, वो ये इक्कीसवीं शताब्दी, वो बीसवीं शताब्दी थी "
61,पिछली सदी के आखिरी दशक में अस्थिर सरकारों का लंबा,पिछली सदी के आखिरी दशक में अस्थिर सरकारों का लंबा,,पिछली सदी के आखिरी दशक में अस्थिर सरकारों का लंबा,,पिछली सदी के आखिरी दशक में अस्थिर सरकारों का लंबा,पिछली सदी के आखिरी दशक में अस्थिर सरकारों का 
62,लंबा दौर देखा है आपमें से बहुत नौजवान हैं जिनका उस समय जन्म भी नहीं हुआ,लंबा दौर देखा है आपम से बहुत नौजवान हैं जिनका उस समय जन्म भी नहीं हुआ,,लंबा दौर देखा है आपमं से बहुत नौजवान हैं जिनका उस समय जन्म भी नहीं हुआ,,लंबा दौर देखा है आपमें से बहुत नौजवान हैं जिनका उस समय जन्म भी नहीं हुआ,"लंबा दौर देखा है आप में से बहुत नौजवान हैं, जिनका उस समय जन्म भी नहीं हुआ था"
63,आप हैरान हो जाए इतना बड़ा देश और दस साल,आप हैरान हो जाए इतना बड़ा देश और दस साल,,आप हैरान हो जाए इतना बड़ा देश और दस साल,,आप हैरान हो जाए इतना बड़ा देश और दस साल,आप हैरान हो जाएंगे इतना बड़ा देश और दस
64,साल में पांच बार इलेक्शन हुए थे यानी देश चुनाव ही करता रहता था और,साल में पांच बार इलेक्शन हुए थे यानी देश चुनाव ही करता रहता था और,,साल में पांच बार इलेक्शन हुए थे यानी देश चुनाव ही करता रहता था और,,साल में पांच बार इलेक्शन हुए थे यानी देश चुनाव ही करता रहता था और, साल में पांच बार इलेक्शन हुए थे यानि देश चुनाव ही करता रहता था
65,कोई काम ही नहीं था और इससे उस अस्थिरता के कारण,कोई काम ही नहीं था और इससे उस अस्थिरता के कारण,,कोई काम ही नहीं था और इससे उस अस्थिरता के कारण,,कोई काम ही नहीं था और इससे उस अस्थिरता के कारण,और कोई काम ही नहीं था और इससे उस अस्थिरता के 
66,अनिश्चितता के कारण भारत को जब टेकऑप करने का वक्त था,अनिश्चितता के कारण भारत को जब टेकअफ करने का वक्त था,,अनिश्चितता के कारण भारत को जब टेकऑप करने का वक्त था,,अनिश्चितता के कारण भारत को जब टेकऑप करने का वक्त था,"अनिश्चित्ता के कारण भारत को जब टेक ऑफ करने करने का वक्त था,"
67,हम ग्राउंडेड हो गए हमें बहुत नुकसान हुआ देश को उस,हम ग्राउंडेड हो गए हमें बहुत नुकसान हुआ देश को उस,,हम ग्राउंडेड हो गए हमें बहुत नुकसान हुआ देश को उस,,हम ग्राउंडेड हो गए हमें बहुत नुकसान हुआ देश को उस,हम ग्राउंडेड हो गए हमें बहुत नुकसान हुआ देश को उस 
68,दौर को पीछे छोड़कर अब भारत स्थिर सरकार के न,दौर को पीछे छोड़कर अब भारत स्थिर सरकार के न,,दौर को पीछे छोड़कर अब भारत स्थिर सरकार के न,,दौर को पीछे छोड़कर अब भारत स्थिर सरकार के न,दौर को पीछे छोड़कर अब भारत स्थिर सरकार के 
69,नए दौर में प्रवेश कर चुका है इससे हमारा लोकतंत्र,नए दौर में प्रवेश कर चुका है इससे हमारा लोकतंत्र,,नए दौर में प्रवेश कर चुका है इससे हमारा लोकतंत्र,,नए दौर में प्रवेश कर चुका है इससे हमारा लोकतंत्र,नए दौर में प्रवेश कर चुका है इससे हमारा लोकतंत्र 
70,और मजबूत हुआ है और लोकतंती मेंबूती में है,और मजबूत हुआ है और लोकतंत्र मेंजबूती में,,और मजबूत हुआ है और लोकतंत मजबती मेंबूती में है,,और मजबूत हुआ है और लोकतंती मेंबूती में है,और मजबूत हुआ है और लोकतंत्र की मज़बूती 
71,जम्मू कश्मीर की अवाम की आप लोगों की,जम्मू कश्मीर की अवाम की आप लोगों की,,जम्मू कश्मीर की अवाम की आप लोगों की,,जम्मू कश्मीर की अवाम की आप लोगों की,"में जम्मू कश्मीर की अवाम की, आप लोगों की "
72,बहुत बड़ी भूमिका रही है अटल जी ने जो,बहुत बड़ी भूमिका रही है अटल जी ने जो,,बहुत बड़ी भूमिका रही है अटल जी ने जो,,बहुत बड़ी भूमिका रही है अटल जी ने जो,बहुत बड़ी भूमिका रही है अटल जी ने जो
73,इंसानियत जम्मूरियत और कश्मीरियत का बिजनेस,इंसानियत जम्मूरियत और कश्मीरियत का बिजनेस,,इंसानियत जम्मूरियत और कश्मीरियत का बिजनेस,,इंसानियत जम्मूरियत और कश्मीरियत का बिजनेस,"इंसानियत, जम्हूरियत और कश्मीरियत का "
74,दिया था उसे आज हम हकीकत में बदलते देख रहे हैं,दिया था उसे आज हम हकीकत में बदलते देख रहे हैं,,दिया था उसे आज हम हकीकत में बदलते देख रहे हैं,,दिया था उसे आज हम हकीकत में बदलते देख रहे हैं,"विजन दिया था, उसे आज हम हकीकत में बदलते देख रहे हैं"
75,इस चुनाव में,इस चुनाव में,,इस चुनाव में,,इस चुनाव में,इस चुनाव में
76,आपने जमूरियत को जिताया है,आपने जमूरियत को जिताया है,,आपने जमूरियत को जिताया है,,आपने जमूरियत को जिताया है,आपने जम्हूरियत को जिताया है
77,आपने पिछले पैंतीस चाल,आपने पिछले पैंतीस चाल,,आपने पिछले पैंतीस चाल,,आपने पिछले पैंतीस चाल,आपने पिछले पैतीस
78,पालीस साल का रिकॉर्ड तोड़ा है ये दिखाता है,अालीस साल का रिकॉर्ड तोड़ा है ये दिखाता है,,पालीस साल का रेकॉर्ड तोड़ा है ये दिखाता है,,पालीस साल का रिकॉर्ड तोड़ा है ये दिखाता है,चालीस साल का रिकॉर्ड तोड़ा है ये दिखाता है 
79,यहाँ का नौजवान जमूरियत को लेकर कितने,यहां का नौजवान जमूरियत को लेकर कितने,,यहाँ का नौजवान जमूरियत को लेकर कितने,,यहाँ का नौजवान जमूरियत को लेकर कितने,"कि यहां का नौजवान, जम्हूरियत को लेकर कितने "
80,भरोसे से भरा हुआ है और मैं,भरोसे से भरा हुआ है और मैं,,भरोसे से भरा हुआ है और मैं,,भरोसे से भरा हुआ है और मैं,भरोसे से भरा हुआ है और मैं 
81,आज इन कार्यक्रमों में तो आया हूँ लेकिन मेरा मन करता था,आज इन कार्यक्रमों में तो आया हूँ लेकिन मेरा मन करता था,,आज इन कार्यक्रमों में तो आया हूँ लेकिन मेरा मन करता था,,आज इन कार्यक्रमों में तो आया हूँ लेकिन मेरा मन करता था,आज इन कार्यक्रमों में तो आया हूं लेकिन मेरा मन करता था
82,मैं कश्मीर की वादियों में जाके फिर से एक बार मेरे कश्मीर के भाई बहनों,मैं कश्मीर की वादियों में जाके फिर से एक बार मेरे कश्मीर के भाई बहनों,,मैं कश्मीर की वादियों में जाके फिर से एक बार मेरे कश्मीर के भाई बहनों,,मैं कश्मीर की वादियों में जाके फिर से एक बार मेरे कश्मीर के भाई बहनों,कि मैं कश्मीर की वादियों में जाकर फिर से एक बार मेरे कश्मीर के भाई-बहनों 
83,को रूबरू जाकर धन्यवाद करूं उन्होंने इस चुनाव में जो बढ़ चढ़कर के हिसिस्साा,को रूबरू जाकर धन्यवाद करूं उन्होंने इस चुनाव में जो बढ़ चढ़कर के हिसिस्सा,,को रूबरू जाकर धन्यवाद करूं उन्होंने इस चुनाव में जो बढ़ चढ़कर के हिसिस्सा,,को रूबरू जाकर धन्यवाद करूं उन्होंने इस चुनाव में जो बढ़ चढ़कर के हिसिस्साा," को रूबरू जाकर धन्यवाद करूं उन्होंने इस चुनाव में जो बढ़-चढ़कर के हिस्सा लिया है,"
84,लिया है जमूरियत का झंडा ऊंचा किया है इसलिए मैं आपका धन्यवाद करने के लिए आया,लिया है जमूरियत का झंडा ऊंचा किया है इसलिए मैं आपका धन्यवाद करने के लिए आया,,लिया है जमूरियत का झंडा ऊंचा किया है इसलिए मैं आपका धन्यवाद करने के लिए आया,,लिया है जमूरियत का झंडा ऊंचा किया है इसलिए मैं आपका धन्यवाद करने के लिए आया,"जम्हूरियत का झंडा ऊंचा किया है, इसलिए मैं आपका धन्यवाद करने के लिए आया हूं "
85,ये भारत,ये भारत,,ये भारत,,ये भारत,ये
86,भारत की डेमोक्रेसी और संविधान के बनाए रास्तों पर चलकर,भारत की डेमोक्रेसी और संविधान के बनाए रास्तों पर चलकर,,भारत की डेमोक्रेसी और संविधान के बनाए रास्तों पर चलकर,,भारत की डेमोक्रेसी और संविधान के बनाए रास्तों पर चलकर, भारत की डेमोक्रेसी और संविधान के बनाए रास्तों पर चलकर 
87,नई इबारत लिखने की शुरुआत है मुझे,नई इबारत लिखने की शुरुआत है मुझे,,नई इबारत लिखने की शुरुआत है मुझे,,नई इबारत लिखने की शुरुआत है मुझे,नई इबारत लिखने की शुरुआत है मुझे
88,और खुशी होती अगर हमारा विपक्ष,और खुशी होती अगर हमारा विपक्ष,,और खुशी होती अगर हमारा विपक्ष,,और खुशी होती अगर हमारा विपक्ष, और खुशी होती अगर हमारा 
89,भी कश्मीर में इतने उमंग उत्साह केा,भी कश्मीर में उतह सताहा,,भी कश्मीर में इतनेम उत्साह केा,,भी कश्मीर में इतने उमंग उत्साह केा,"विपक्ष भी, कश्मीर में इतने उमंग उत्साह"
90,के साथ जो लोकतंत्र का उत्सव मनाया गया इतनी भारी मात्रा में मतदान हुआ,साथ जो लोकतंत्र का उत्सव मनाया गया इतनी भारी मात्रा में मतदान हुआ,,साथ जो लोकतंत्र का उत्सव मनाया गया इतनी भारी मात्रा में मतदान हुआ,,के साथ जो लोकतंत्र का उत्सव मनाया गया इतनी भारी मात्रा में मतदान हुआ," के साथ जो लोकतंत्र का उत्सव मनाया गया, इतनी भारी मात्रा में मतदान हुआ,"
91,ये जो उमंग उत्साह का माहौल है काश अच्छा होता,ये जो उमंग उत्साह का माहौल है काश अच्छा होता,,ये जो उमंग उत्साह का माहौल है काश अच्छा होता,,ये जो उमंग उत्साह का माहौल है काश अच्छा होता," ये जो उमंग उत्साह का माहौल है, काश अच्छा होता"
92,मेरे देश के विपक्ष के लोगों ने भी मेरे कश्मीर के भाई बहनों की,मेरे देश के विपक्ष के लोगों ने भी मेरे कश्मीर के भाई बहनों,,मेरे देश के विपक्ष के लोगों ने भी मेरे कश्मीर के भाई बहनों की,,मेरे देश के विपक्ष के लोगों ने भी मेरे कश्मीर के भाई बहनों की, मेरे देश के विपक्ष के लोगों ने भी मेरे कश्मीर के भाई-बहनों की
93,तारीफ की होती उनका हौसला बुलंद किया होता तो मुझे बहुत खुशी होती,तारीफ की होती उनका हौसला बुलंद किया होता तो मुझे बहुत खुशी होती,,तारीफ की होती उनका हौसला बुलंद किया होता तो मुझे बहुत खुशी होती है,,तारीफ की होती उनका हौसला बुलंद किया होता तो मुझे बहुत खुशी होती,"तारीफ की होती, उनका हौसला बुलंद किया होता तो मुझे बहुत खुशी होती "
94,लेकिन विपक्ष ने ऐसे अच्छे काम में भी देख,लेकिन विपक्ष ने ऐसे अच्छे काम में भी देख,,लेकिन विपक्ष ने ऐसे अच्छे काम में भी देख,,लेकिन विपक्ष ने ऐसे अच्छे काम में भी देख,लेकिन विपक्ष ने ऐसे अच्छे काम में भी
95,इसको निराशी किया है साथियों जम्मू कश्मीर में आ रहा यह बदलाव,इसको निराशी किया है साथियों जम्मू कश्मीर में आ रहा यह बदलाव,,इसको निराशी किया है साथियों जम्मू कश्मीर में आ रहा यह बदलाव,,इसको निराशी किया है साथियों जम्मू कश्मीर में आ रहा यह बदलाव,देश को निराश ही किया है साथियों जम्मू-कश्मीर में आ रहा ये 
96,हमारी सरकार की बीते दस सालों की कोशिशों का ाा,हमारी सरकार की बीते दस सालों की कोशिशों काता,,हमारी सरकार की बीते दस सालों की कोशिशों का ाा,,हमारी सरकार की बीते दस सालों की कोशिशों का ाा,बदलाव हमारी सरकार की बीते दस सालों की कोशिशों 
97,का नतीजा है आजादी के बाद यहां की हमारी बेटियां,का नतीजा है आजादी के बाद यहां की हमारी बेटियां,,का नतीजा है आजादी के बाद यहां की हमारी बेटियां,,का नतीजा है आजादी के बाद यहां की हमारी बेटियां,का नतीजा है आज़ादी के बाद यहां की हमारी 
98,समाज के दूसरे कमजोर तबके के लोग अपने हाथ,समाज के दूसरे कमजोर तबके के लोग अपने हाथ,,समाज के दूसरे कमजोर तबके के लोग अपने हाथ,,समाज के दूसरे कमजोर तबके के लोग अपने हाथ,"बेटियां, समाज के दूसरे कमज़ोर तबके के लोग, अपने"
99,से वंचित थे हमारी सरकार ने सबका साथ सबकाा,से वंचित थे हमारी सरकार ने सबका सााा,,से वंचित थे हमारी सरकार ने सबका साथा सबाकााा,,से वंचित थे हमारी सरकार ने सबका साथ सबकाा,"हक से वंचित थे हमारी सरकार ने सबका साथ, सबका"
100,विकास के मंत्र पर चलते हुए सबको अधिकार,विकास के मंत्र पर चलते हुए सबको अधिकार,,विकास के मंत्र पर चलते हुए सबको अधिकार,,विकास के मंत्र पर चलते हुए सबको अधिकार,विकास के मंत्र पर चलते हुए सबको अधिकार
101,और अवसर दिए हैं पाकिस्तान से आए शा,और अवसर दिए हैं पाकिस्तान से आए शा,,और अवसर दिए हैं पाकिस्तान से आए शा,,और अवसर दिए हैं पाकिस्तान से आए शा,और अवसर दिए हैं पाकिस्तान से आए
102,शरणार्थी हमारे वाल्मीकि समुदाय और सफाई कर्मचारियों के परिवार,शरणार्थी हमारे वाल्मीकि समुदाय और सफाई कर्मचारियों के परिवार,,शरणार्थी हमारे वाल्मीकि समुदाय और सफाई कर्मचारियों के परिवार,,शरणार्थी हमारे वाल्मीकि समुदाय और सफाई कर्मचारियों के परिवार,"शरणार्थी, हमारे वाल्मिकी समुदाय और सफाई कर्मचारियों के परिवार"
103,पहली बार लोकल बॉडीज इलेक्शन में वोट डालने का उन्हें अ्छच्छा,पहली बार लोकल बॉडी इलेक्शन में वोट डालने का उन्हें अं अच्ा,,पहली बार लोकल बॉडीज इलेक्शन में वोट डालने का उन्हें अ्छा,,पहली बार लोकल बॉडीज इलेक्शन में वोट डालने का उन्हें अ्छच्छा,पहली बार लोकल बॉडीज इलेक्शन में वोट डालने का उन्हें 
104,अधिकार मिला है वाल्मीकि समुदाय को ेाााटे,अधिकार मिला है वाल्मीकि समुदाय कोेााेे,,अधिकार मिला है वाल्मीकि समुदाय को ाााे,,अधिकार मिला है वाल्मीकि समुदाय को ेाााटे,अधिकार मिला है वाल्मिकी समुदाय को एस सी 
105,डेगरी का लाभ मिलने की वर्षों पुरानी मांग पूरी हुई हैहीा,डगेरी का लाभ मिलने की वर्षों पुरानी मांग पूरी हुई है पीाा,,डगरी का लाभ मिलने की वर्षों पुरानी मांग पूरी हुई हैाी,,डेगरी का लाभ मिलने की वर्षों पुरानी मांग पूरी हुई हैहीा,कैटेगरी का लाभ मिलने की वर्षों पुरानी मांग पूरी हुई है पहली 
106,एसटी समुदाय के लिए असेंबली में सीटें रिजा्तीाकारााासासी,एसटी समुदाय के लिए असेंबली में सीटें रिज्त सीटेे,,एसटी समुदाय के लिए असेंबली में सीटें रिजा्तीाकाााासा,,एसटी समुदाय के लिए असेंबली में सीटें रिजा्तीाकारााासासी,बार एस टी समुदाय के लिए असेंबली में सीटें
107,रिजर्व की गई है पद्दारी जनजाति पहाड़ी जातीय समूह,रिजर्व की गई है पद्दारी जनजाति पहाड़ी जातीय समूह,,रिजर्व की गई है पद्दारी जनजाति पहाड़ी जातीय समूह,,रिजर्व की गई है पद्दारी जनजाति पहाड़ी जातीय समूह,रिज़र्व की गई हैं ‘पद्दारी जनजाति’‘पहाड़ी जातीय समूह’
108,गड्डा ब्राह्मण और कोहली इन सभी समुदायों को भी,गड्डा ब्राह्मण और कोहली इन सभी समुदायों को भी,,गड्डा ब्राह्मण और कोली इन सभी समुदायों को भी,,गड्डा ब्राह्मण और कोहली इन सभी समुदायों को भी,‘गड्डा ब्राह्मण’ और ‘कोली’ इन सभी समुदायों को भी
109,एसटी का दर्जा दिया गया है,एसटी का दर्जा दिया गया है,,एसटी का दर्जा दिया गया है,,एसटी का दर्जा दिया गया है,एस टी का दर्जा दिया गया है
110,पंचायत नगर पालिका और नगर निगम में,पंचायत नगरपालिका और नगर निगम में,,पंचायत नगर पालिका और नगर निगम में,,पंचायत नगर पालिका और नगर निगम में,"पंचायत, नगर पालिका और नगर निगम में "
111,ओबीसी रिजर्वेशन पहली बार लागू हुआ हैान संविधान,ओबीसी रिजर्वेशन पहली बार लागू हुआ है संविधान स संविा,,ओबीसी रिजर्वेशन पहली बार लागू हुआ है विधान स संविधान,,ओबीसी रिजर्वेशन पहली बार लागू हुआ हैान संविधान,ओबीसी रिज़र्वेशन पहली बार लागू हुआ है संविधान 
112,के प्रति समर्पण भाव क्या होता हैंवि संविध,के प्रति समर्पण भाव क्या होता हैं सविध,,के प्रति समर्पण भाव क्या होता हैं संविध,,के प्रति समर्पण भाव क्या होता हैंवि संविध,के प्रति समर्पण भाव क्या होता है 
113,विंविधान का लेटर एंड स्प्रिट में क्या महत्म्य होता है संविधान हिं्दुस्तान,संविधान का लेटर एंड स्प्रिट में क्या महत्म्य होता है संविधान हिन्दुस्तान,,विंविधान का लेटर एंड स्पि्रिट में क्या महत्मय होता है संविधान हिं्दुस्तान,,विंविधान का लेटर एंड स्प्रिट में क्या महत्म्य होता है संविधान हिं्दुस्तान,संविधान का लेटर एंड स्पिरिट में क्या महात्मय होता है संविधान 
114,ड़ान के एक सौ चालीस करोड़ देशवासियों की जिंदगी को बदल करने के लिए,ड़ान के एक सौ चालीस करोड़ देशवासियों की जिंदगी को बदल करने के लिए,,ड़ान के एक सौ चालीस करोड़ देशवासियों की जिंदगी को बदल करने के लिए,,ड़ान के एक सौ चालीस करोड़ देशवासियों की जिंदगी को बदल करने के लिए,"हिन्दुस्तान के एक सौ चालीस करोड़ देशवासियों की जिंदगी को बदलने के लिए, "
115,अधिकार देने के लिए उनको भागीदार बनाने के लिए अवसर देता है,अधिकार देने के लिए उनको भागीदार बनाने के लिए अवसर देता है,,अधिकार देने के लिए उनको भागीदार बनाने के लिए अवसर देता है,,अधिकार देने के लिए उनको भागीदार बनाने के लिए अवसर देता है,"अधिकार देने के लिए, उनको भागीदार बनाने के लिए अवसर देता है "
116,लेकिन पहले संविधान की इतनी बड़ी अमानत हमारे पास थी,लेकिन पहले संविधान की इतनी बड़ी अमानत हमारे पास थी,,लेकिन पहले संविधान की इतनी बड़ी अमानत हमारे पास थी,,लेकिन पहले संविधान की इतनी बड़ी अमानत हमारे पास थी,"लेकिन पहले संविधान की इतनी बड़ी अमानत हमारे पास थी, "
117,इसका अस्वीकार होता रहा दिल्ली में बैठे हुए शासकों ने इसकी चिंता,इसका अस्वीकार होता रहा दिल्ली में बैठे हुए शासकों ने इसकी चिंता,,इसका अस्वीकार होता रहा दिल्ली में बैठे हुए शासकों ने इसकी चिंता,,इसका अस्वीकार होता रहा दिल्ली में बैठे हुए शासकों ने इसकी चिंता,इसको अस्वीकार किया जाता रहा दिल्ली में बैठे हुए शासकों ने इसकी
118,नहीं की आजादी के इतने सालों तक नहीं की आज मुझे खुशी है,नहीं की आजादी के इतने सालों तक नहीं की आज मुझे खुशी है,,नहीं की आजादी के इतने सालों तक नहीं की आज मुझे खुशी है,,नहीं की आजादी के इतने सालों तक नहीं की आज मुझे खुशी है,चिंता नहीं की आजादी के इतने सालों तक नहीं की आज मुझे खुशी है 
119,हम संविधान को जी रहे हैं हम संविधान को लेकर के,हम संविधान को जी रहे हैं हम संविधान को लेकर के,,हम संविधान को जी रहे हैं हम संविधान को लेकर के,,हम संविधान को जी रहे हैं हम संविधान को लेकर के,"कि हम संविधान को जी रहे हैं, हम संविधान को लेकर के "
120,कश्मीर की जिंदगी बदलने के नए नए रास्ते ढूंढ़ रहे हैं,कश्मीर की जिंदगी बदलने के नए नए रास्ते ढूंढ़ रहे हैं,,कश्मीर की जिंदगी बदलने के नए नए रास्ते ढूंढ़ रहे हैं,,कश्मीर की जिंदगी बदलने के नए नए रास्ते ढूंढ़ रहे हैं,कश्मीर की जिंदगी बदलने के नए-नए रास्ते ढूंढ रहे हैं 
121,जम्मू कश्मीर में आज सही मायने में भारत का संविधान,जम्मू कश्मीर में आज सही मायने में भारत का संविधन,,जम्मू कश्मीर में आज सही मायने में भारत का संविधा,,जम्मू कश्मीर में आज सही मायने में भारत का संविधान,जम्मू-कश्मीर में आज सही मायने में भारत का
122,अ ान लागू हुआ है और जिन्होंने अब तक सम्मिलित साि,सधान लागू हुआ है और जिन्होंने अब तक सम्मिति,,अ धान लागू हुआ है और जिन्होंने अब तक सम्मिलििि,,अ ान लागू हुआ है और जिन्होंने अब तक सम्मिलित साि,संविधान लागू हुआ है और जिन्होंने अब तक 
123,अ धान लागू नहीं किया वे दोषी हैं गुनहगार हैं,धान लागू नहीं किया वे दोषी हैं गुनहगार हैं,,अ धान लागू नहीं किया वे दोषी हैं गुनहगार हैं,,अ धान लागू नहीं किया वे दोषी हैं गुनहगार हैं,"संविधान लागू नहीं किया वे दोषी हैं, गुनहगार हैं,"
124,कश्मीर के नौजवानों के कश्मीर की बेटियों के कश्मीर के लोगों के गुनगार हैं,कश्मीर के नौजवानों के कश्मीर की बेटियों के कश्मीर के लोगों के गुनगार हैं,,कश्मीर के नौजवानों के कश्मीर की बेटियों के कश्मीर के लोगों के गुनगार हैं,,कश्मीर के नौजवानों के कश्मीर की बेटियों के कश्मीर के लोगों के गुनगार हैं,"कश्मीर के नौजवानों के, कश्मीर की बेटियों के, कश्मीर के लोगों के गुनहगार हैं "
125,और ये सब कुछ साथियों इसलिए हो रहा है,और ये सब कुछ साथियों इसलिए हो रहा है,,और ये सब कुछ साथियों इसलिए हो रहा है,,और ये सब कुछ साथियों इसलिए हो रहा है,"और ये सब कुछ साथियों इसलिए हो रहा है, "
126,क्योंकि सबको बांटने वाली आर्टिकल तीन सौ सत्तर की दीवार अब गिर चुकी है,क्योंकि सबको बांटने वाली आर्टिकल तीन सौ सत्तर की दीवार अब गिर चुकी है,,क्योंकि सबको बांटने वाली आर्टिकल तीन सौ सत्तर की दीवार अब गिर चुकी है,,क्योंकि सबको बांटने वाली आर्टिकल तीन सौ सत्तर की दीवार अब गिर चुकी है,क्योंकि सबको बांटने वाली आर्टिकल तीन सौ सत्तर की दीवार अब गिर चुकी है 
127,भाई और बहनों कश्मीर घाटी में जो बदलाव,भाई और बहनों कश्मीर घाटी में जो बदलाव,,भाई और बहनों कश्मीर घाटी में जो बदलाव,,भाई और बहनों कश्मीर घाटी में जो बदलाव,"भाइयों और बहनों,कश्मीर घाटी में जो बदलाव"
128,हम देख रहे हैं आज पूरी दुनिया उसे देख रही है,हम देख रहे हैं आज पूरी दुनिया उसे देख रही है,,हम देख रहे हैं आज पूरी दुनिया उसे देख रही है,,हम देख रहे हैं आज पूरी दुनिया उसे देख रही है,"हम देख रहे हैं, आज पूरी दुनिया उसे देख रही है"
129,मैं देख रहा हूं जी ट्वेंटी समूह में जो लोग यहां आए थे उन देशों के लोग जो भीि,मैं देख रहा हूं जी ट्वेंटी समूह में जो लोग यहां आए थे उन देशों के लोग जो भी,,मैं देख रहा हूं जी ट्वेंटी समूह में जो लोग यहां आए थे उन देशों के लोग जो भीि,,मैं देख रहा हूं जी ट्वेंटी समूह में जो लोग यहां आए थे उन देशों के लोग जो भीि,मैं देख रहा हूं जी-ट्वेंटी समूह में जो लोग यहां आए थे उन देशों के लोग जो
130,मिलते तारीफ करते रहते हैं कश्मीर की जिस प्रकार से मेहमान नवाजी हुई बड़े गौरवघान,मिलते तारीफ करते रहते हैं कश्मीर की जिस प्रकार से मेहमान नवाजी हुई बड़े गौरवघान,,मिलते तारीफ करते रहते हैं कश्मीर की जिस प्रकार से मेहमान नवाजी हुई बड़े गौरव घान,,मिलते तारीफ करते रहते हैं कश्मीर की जिस प्रकार से मेहमान नवाजी हुई बड़े गौरवघान,"मिलते हैं, तारीफ करते रहते हैं कश्मीर की भी जिस प्रकार से मेहमानवाजी हुई है, बड़े गौरवगान"
131,करते हैं आज जब श्रीनगर में जी ट्वेंटी जैसा इंटरनेशनल इवेंट होता है,करते हैं आज जब श्रीनगर में जी ट्वेंटी जैसा इंटरनेशनल इवेंट होता है,,करते हैं आज जब श्रीनगर में जी ट्वेंटी जैसा इंटरनेशनल इवेंट होता है,,करते हैं आज जब श्रीनगर में जी ट्वेंटी जैसा इंटरनेशनल इवेंट होता है,करते हैं आज जब श्रीनगर में जी--ट्वेंटी जैसा इंटरनेशनल
132,तो हर कश्मीरी को गर्व से उसका सीना प,तो हर कश्मीरी को गर्व से उसका सीना प,,तो हर कश्मीरी को गर्व से उसका सीना प,,तो हर कश्मीरी को गर्व से उसका सीना प,", तो हर कश्मीरी का गर्व से उसका सीना "
133,भर जाता है आज जब लाल चौक पर देर शाम तक हमारे,भर जाता है आज जब लाल चौक पर देर शाम तक हमारे,,भर जाता है आज जब लाल चौक पर देर शाम तक हमारे,,भर जाता है आज जब लाल चौक पर देर शाम तक हमारे,भर जाता है आज जब लाल चौक पर देर-शाम तक हमारे 
134,बाल बच्चे खेलते खिलखिलाते हैं तो हर भारतीय आनंद से भर जाता है,बाल बच्चे खेलते खिलखिलाते हैं तो हर भारतीय आनंद से भर जाता है,,बाल बच्चे खेलते खिलखिलाते हैं तो हर भारतीय आनंद से भर जाता है,,बाल बच्चे खेलते खिलखिलाते हैं तो हर भारतीय आनंद से भर जाता है,बाल-बच्चे खेलते-खिलखिलाते हैं तो हर भारतीय आनंद से भर जाता है 
135,आज जब यहां सिनेमा हॉल में बाजारों में रौनक दिखती है तो सबके,आज जब यहां सिनेमा हॉल में बाजारों में रौनक दिखती है तो सबके,,आज जब यहां सिनेमा हॉल में बाजारों में रौनक दिखती है तो सबके,,आज जब यहां सिनेमा हॉल में बाजारों में रौनक दिखती है तो सबके,"आज जब यहां सिनेमा हॉल में, बाजारों में रौनक दिखती है तो सबके"
136,चेहरे खील उठते हैं मुझे कुछ दिन पहले की तस्बो तस्वीर याद है,चेहरे खील उठते हैं मुझे कुछ दिन पहले की तस्बों तस्वीर याद है,,चेहरे खील उठते हैं मुझे कुछ दिन पहले की तस्बो तस्वीर याद है,,चेहरे खील उठते हैं मुझे कुछ दिन पहले की तस्बो तस्वीर याद है,"चेहरे खिल उठते हैं मुझे कुछ दिन पहले की वो तस्वीरें याद हैं, "
137,जब डल झील के किनारे स्पोर्ट्स कारों का जबरदस्त शो हुआ,जब डल झील के किनारे स्पोर्ट्स कारों का जबर्दस्त शो हुआ,,जब डल झील के किनारे स्पोर्ट्स कारों का जबरदस्त शो हुआ,,जब डल झील के किनारे स्पोर्ट्स कारों का जबरदस्त शो हुआ,जब डल झील के किनारे स्पोर्ट्स कारों का जबरदस्त शो हुआ 
138,वो शो पूरी दुनिया ने देखा हमारा कश्मीर कितना,वो शो पूरी दुनिया ने देखा हमारा कश्मीर कितना,,वो शो पूरी दुनिया ने देखा हमारा कश्मीर कितना,,वो शो पूरी दुनिया ने देखा हमारा कश्मीर कितना,वो शो पूरी दुनिया ने देखा हमारा कश्मीर कितना
139,आगे बढ़ गया है अब यहां टूरिज्म के नए रिकॉर्ड्स की चर्चा होती,आगे बढ़ गया है अब यहां टूरिज्म के नए रिकॉर्ड्स की चर्चा होती,,आगे बढ़ गया है अब यहां टूरिज्म के नए रिकॉर्ड्स की चर्चा होती,,आगे बढ़ गया है अब यहां टूरिज्म के नए रिकॉर्ड्स की चर्चा होती,"आगे बढ़ गया है, अब यहां टूरिज्म के नए रिकॉर्ड्स की चर्चा होती है"
140,और कल जो अंतर्राष्ट्रीय योगा दिवस है ना टू,और कल जो अंतर्राष्ट्रीय योगा दिवस है ना भी टूंरि,,और कल जो अंतर्राष्ट्रीय योगा दिवस है ना टूर,,और कल जो अंतर्राष्ट्रीय योगा दिवस है ना टू,और कल जो अंतर्राष्ट्रीय योग दिवस है ना वो भी
141,रिश्तों के आकर्षण का कारण बनने वाला है पिछले साल हााराा,रिश्तों के आकर्षण का कारण बनने वाला है पिछले साल हारााल,,रिश्तों के आकर्षण का कारण बनने वाला है पिछले साल हाताा,,रिश्तों के आकर्षण का कारण बनने वाला है पिछले साल हााराा,टूरिस्टों के आकर्षण का कारण बनने वाला है पिछले 
142,जैसा भी मनोज जी ने बताया दो करोड़ से ज्यादा टूरिस्ट,जैसा भी मनोज जी ने बताया दो करोड़ से ज्यादा टूरिस्ट,,जैसा भी मनोज जी ने बताया दो करोड़ से ज्यादा टूरिस्ट,,जैसा भी मनोज जी ने बताया दो करोड़ से ज्यादा टूरिस्ट,साल जैसा अभी मनोज जी ने बताया दो करोड़ से ज्यादा टूरिस्ट
143,रिकॉर्ड ब्रेक ये हमारे जम्मू कश्मीर में टूरिस्ट है इससे,रिकॉर्ड ब्रेक टू ये हमारे जम्मू कश्मीर में टूरिस्ट है इससे,,रिकॉर्ड ब्रेक ये हमारे जम्मू कश्मीर में टूरिस्ट है इससे,,रिकॉर्ड ब्रेक ये हमारे जम्मू कश्मीर में टूरिस्ट है इससे,रिकॉर्ड ब्रेक यहां हमारे जम्मू कश्मीर में टूरिस्ट आए हैं इससे 
144,स्थानीय लोगों का रोजगार में गति आती है तेजी आती है रोजगार बढ़ता है,स्थानीय लोगों का रोजगार में गति आती है तेजी आती है रोजगार बढ़ता है,,स्थानीय लोगों का रोजगार में गति आती है तेजी आती है रोजगार बढ़ता है,,स्थानीय लोगों का रोजगार में गति आती है तेजी आती है रोजगार बढ़ता है,"स्थानीय लोगों के रोजगार में गति आती है, तेजी आती है, रोजगार बढ़ता है"
145,आय बढ़ती है कारोबार का विस्तार होता है साथियों,आय बढ़ती है कारोबार का विस्तार होता है साथियों,,आय बढ़ती है कारोबार का विस्तार होता है साथियों,,आय बढ़ती है कारोबार का विस्तार होता है साथियों,", आय बढ़ती है, कारोबार का विस्तार होता है साथियों"
146,मैं दिन रात यही करता रहता हूँ मेरे देश के लिए कुछ न कुछ करूं मेरे देशे,मैं दिन रात यही करता रहता हूँ मेरे देश के लिए कुछ न कुछ करूंर देेश,,मैं दिन रात यही करता रहता हूँ मेरे देश के लिए कुछ न कुछ करूं मेरे देशे,,मैं दिन रात यही करता रहता हूँ मेरे देश के लिए कुछ न कुछ करूं मेरे देशे,मैं दिन रात यही करता रहता हूं मेरे देश के लिए कुछ न कुछ करूं 
147,देशवासियों के लिए कुछ कुछ करूं और मैं जो भी कर रहा हूं नेक नियत,देशवासियों के लिए कुछ कुछ करूँ और मैं जो भी कर रहा हूँ नेक नियत,,द देशवासियों के लिए कुछ कुछ करूं और मैं जो भी कर रहा हूं नेक नियत,,देशवासियों के लिए कुछ कुछ करूं और मैं जो भी कर रहा हूं नेक नियत,"मेरे देशवासियों के लिए कुछ न कुछ करूं और मैं जो भी कर रहा हूं, नेक नीयत"
148,के साथ कर रहा हू मैं बहुत ईमानदूर,के साथ कर रहा हू मैं बहुत ईमान,,के साथ कर रहा हू मैं बहुत ईमानदूर,,के साथ कर रहा हू मैं बहुत ईमानदूर,के साथ कर रहा हूं मैं बहुत 
149,ईनदारी से समर्पण भाव से जुड़ा हूं ताकि कश्मीर की पिछली पीढ़ियों ने जो भुक्ता,मदाड़ी से समर्पण भाव से जुड़ा हूं ताकि कश्मीर की पिछली पीढ़ियों ने जो भुक्ता,,ईनदारी से समर्पण भाव से जुड़ा हूं ताकि कश्मीर की पिछली पीढ़ियों ने जो भुक्ता,,ईनदारी से समर्पण भाव से जुड़ा हूं ताकि कश्मीर की पिछली पीढ़ियों ने जो भुक्ता,"ईमानदारी से समर्पण भाव से जुटा हूं, ताकि कश्मीर की पिछली पीढ़ियों ने जो भुगता"
150,उससे बाहर निकलने का रास्ता बनाया जा सके दूरियां,उससे बाहर निकालने का रास्ता बनाया जा सके दूरियां,,उससे बाहर निकलने का रास्ता बनाया जा सके दूरियां,,उससे बाहर निकलने का रास्ता बनाया जा सके दूरियां,उससे बाहर निकलने का रास्ता बनाया जा सके दूरियां
151,चाहे दिल की रही हो या फिर दिल्ली की हर,चाहे दिल की रही हो या फिर दिल्ली की ह,,चाहे दिल की रही हो या फिर दिल्ली की हर,,चाहे दिल की रही हो या फिर दिल्ली की हर,चाहे दिल की रही हों या फिर दिल्ली की हर
152,हर दूरी को मिटाने के लिए हम हर कोशिश कर रहे हैं,हर दूरी को मिटाने के लिए हम हर कोशिश कर रहे हैं,,हर दूरी को मिटाने के लिए हम हर कोशिश कर रहे हैं,,हर दूरी को मिटाने के लिए हम हर कोशिश कर रहे हैं,हर दूरी को मिटाने के लिए हम हर कोशिश कर रहे हैं 
153,कश्मीर में जमूरियत का फायदा,कश्मीर में जमूरियत का फायदा,,कश्मीर में जमूरियत का फायदा,,कश्मीर में जमूरियत का फायदा,"कश्मीर में जम्हूरियत का फायदा,"
154,हर इलाके हर परिवार को मिले,हर इलाके हर परिवार को मिले,,हर इलाके हर परिवार को मिले,,हर इलाके हर परिवार को मिले,"हर इलाके, हर परिवार को मिले"
155,हर किसी की तरक्की हो इसके लिए हम सबने मिलकर के काम,हर किसी की तरक्की हो इसके लिए हम सबने मिल करर के काम,,हर किसी की तरक्की हो इसके लिए हम सबने मिलकर के काम,,हर किसी की तरक्की हो इसके लिए हम सबने मिलकर के काम,"हर किसी की तरक्की हो, इसके लिए हम सबको मिलकर के काम"
156,करना है केंद्र सरकार से पैसे पहले भी आते थे,करना है केंद्र सरकार से पैसे पहले भी आते थे,,करना है केंद्र सरकार से पैसे पहले भी आते थे,,करना है केंद्र सरकार से पैसे पहले भी आते थे,करना है केंद्र सरकार से पैसे पहले भी आते
157,लेकिन आज केंद्र सरकार से आई हुई बार,लेकिन आज केंद्र सरकार से आई हुई बार,,लेकिन आज केंद्र सरकार से आई हुई बार,,लेकिन आज केंद्र सरकार से आई हुई बार,थे लेकिन आज केंद्र सरकार से आई हुई पाई
158,पाई आपकी पढ़ाई के लिए खर्च होती है,पाई आपकी भढाई के लिए खर्च होती है,,पाई आपकी पढ़ाई के लिए खर्च होती है,,पाई आपकी पढ़ाई के लिए खर्च होती है,पाई आपकी भलाई के लिए खर्च होती है
159,जिस काम के लिए पैसा दिल्ली से निकला है उसी काम के लिए वो पैसा लगगा,जिस काम के लिए पैसा दिल्ली से निकला है उसी काम के लिए वो पैसा लगा,,जिस काम के लिए पैसा दिल्ली से निकला है उसी काम के लिए वो पैसा लगा,,जिस काम के लिए पैसा दिल्ली से निकला है उसी काम के लिए वो पैसा लगगा,"जिस काम के लिए पैसा दिल्ली से निकला है, उसी काम के लिए वो पैसा लगे"
160,गे और उसका परिणाम भी नजर आए ये हम पक्का करते हैं,लगे और उसका परिणाम भी नजर आए ये हम पक्का करते हैं,,गे और उसका परिणाम भी नजर आए ये हम पक्का करते हैं,,गे और उसका परिणाम भी नजर आए ये हम पक्का करते हैं,"और उसका परिणाम भी नजर आए, ये हम पक्का करते हैं "
161,जम्मू कश्मीर के लोग लोकल लेवल पर,जम्मू कश्मीर के लोग लोकल लेवल पर,,जम्मू कश्मीर के लोग लोकल लेवल पर,,जम्मू कश्मीर के लोग लोकल लेवल पर,जम्मू-कश्मीर के लोग लोकल लेवल पर
162,अपने नुमाइंदे चुनें उनके जरिए,अपने नुमाइंदे चुने उनके जरिए,,अपने नुमाइंदे चुनें उनके जरिए,,अपने नुमाइंदे चुनें उनके जरिए,"अपने नुमाइंदे चुनें, उनके ज़रिए"
163,आप समस्याओं के समाधान के रास्ते खोजें इससे बेहतर और क्या होगा,आप समस्याओं के समाधान के रास्ते खोजें इससे बेहतर और क्या होगा,,आप समस्याओं के समाधान के रास्ते खोजें इससे बेहतर और क्या होगा,,आप समस्याओं के समाधान के रास्ते खोजें इससे बेहतर और क्या होगा,"आप समस्याओं के समाधान के रास्ते खोजें, इससे बेहतर और क्या होगा"
164,इसलिए अब असेंबली इलेक्शन की तैयारी भी शुरू,इसलिए अब असेंबली इलेक्शन की तैयारी भी शुरू,,इसलिए अब असेंबली इलेक्शन की तैयारी भी शुरू,,इसलिए अब असेंबली इलेक्शन की तैयारी भी शुरू,इसलिए अब असेंबली इलेक्शन की तैयारी भी शुरु
165,शुरू हो चुकी है वो समय दूर नहीं,शुरू हो चुकी है वो समय दूर नहीं,,शुरू हो चुकी है वो समय दूर नहीं,,शुरू हो चुकी है वो समय दूर नहीं,हो चुकी है वो समय दूर नहीं
166,जब आप अपने वोट से जम्मू कश्मीर की नई गवर्नर,जब आप अपने वोट से जम्मू कश्मीर की नई गवर्नर,,जब आप अपने वोट से जम्मू कश्मीर की नई गवर्नर,,जब आप अपने वोट से जम्मू कश्मीर की नई गवर्नर,जब आप अपने वोट से जम्मू कश्मीर की नई
167,गमेंट चुनेंगे वो दिन भी जल्द आएगा जब,गर्मेट चुनेंगे वो दिन भी जल्द आएगा जब ज,,गमेंट चुनेंगे वो दिन भी जल्द आएगा जब,,गमेंट चुनेंगे वो दिन भी जल्द आएगा जब,"गवर्नमेंट चुनेंगे वो दिन भी जल्द आएगा, जब "
168,जम्मू और कश्मीर फिर से राज्य के रूप में अपना फ्यूचर और बेहतर बनाएं,जम्मू और कश्मीर फिर से राज्य के रूप में अपना फ्यूचर और बेहतर बनाएं,,जम्मू और कश्मीर फिर से राज्य के रूप में अपना फ्यूचर और बेहतर बनाएं,,जम्मू और कश्मीर फिर से राज्य के रूप में अपना फ्यूचर और बेहतर बनाएं,जम्मू और कश्मीर फिर से राज्य के रूप में अपना फ्यूचर और बेहतर बनाएगा 
169,आएगा साथियों दे पहले थोड़ी देर पहले,आएगा साथियों पहले थोड़ी देर पहले,,आएगा साथियों पहले थोड़ी देर पहले,,आएगा साथियों दे पहले थोड़ी देर पहले,"साथियों,थोड़ी देर पहले"
170,यहां जम्मू कश्मीर के डेवलपमेंट से जुड़े पंद्रह सौ करोड़ रुपएे,यहां जम्मू कश्मीर के डेवलपमेंट से जुड़े पंद्रह सौ करोड़ रुपएे,,यहां जम्मू कश्मीर के डेवलपमेंट से जुड़े पंद्रह सौ करोड़ रुपएे,,यहां जम्मू कश्मीर के डेवलपमेंट से जुड़े पंद्रह सौ करोड़ रुपएे,ही यहां जम्मू-कश्मीर के डेवलपमेंट से जुड़े पंद्रह सो करोड़
171,एक से अधिक के प्रोजेक्ट का शुभारंभ हुआ है खेती और इस,एक से अधिक के प्रोजेक्ट का शुभारंभ हुआ है खेती और इस,,एक से अधिक के प्रोजेक्ट का शुभारंभ हुआ है खेती और इस,,एक से अधिक के प्रोजेक्ट का शुभारंभ हुआ है खेती और इस,रुपए से अधिक के प्रोजेक्ट्स का शुभारंभ हुआ है खेती और इससे
172,इससे जुड़े सेक्टर के लिए भी अठारह सौ करोड़ रुपये के प्रोजेक्ट शुरू हुए हैं मैंने,इससे जुड़े सेक्टर के लिए भी अठारह सौ करोड़ रुपये के प्रोजेक्ट शुरू हुए हैं मैंने,,इससे जुड़े सेक्टर के लिए भी अठारह सौ करोड़ रुपये के प्रोजेक्ट शुरू हुए हैं मैंने,,इससे जुड़े सेक्टर के लिए भी अठारह सौ करोड़ रुपये के प्रोजेक्ट शुरू हुए हैं मैंने,जुड़े सेक्टर के लिए भी अठारह करोड़ रुपए के प्रोजेक्ट शुरु हुए हैं मैं
173,इन प्रोजेक्ट्स के लिए जम्मू कश्मीर के अवाम को बहुत बहुत बधाई देता हूं,इन प्रोजेक्ट्स के लिए जम्मू कश्मीर के अवाम को बहुत बहुत बधाई देता हूं,,इन प्रोजेक्ट्स के लिए जम्मू कश्मीर के अवाम को बहुत बहुत बधाई देता हूं,,इन प्रोजेक्ट्स के लिए जम्मू कश्मीर के अवाम को बहुत बहुत बधाई देता हूं,इन प्रोजेक्ट्स के लिए जम्मू और कश्मीर की अवाम को बहुत-बहुत बधाई देता हूं 
174,मैं यहां राज्य प्रशासन को भी बधाई दूंगा कि,मैं यहां राज्य प्रशासन को भी बधाई दूंगा,,मैं यहां राज्य प्रशासन को भी बधाई दूंगा,,मैं यहां राज्य प्रशासन को भी बधाई दूंगा कि,मैं यहां राज्य प्रशासन को भी बधाई दूंगा कि
175,वो सरकारी नौकरियों में भी तेजी से भर्तियां कर रहे हैं,वो सरकारी नौकरियों में भी तेजी से भर्तियां कर रहे हैं,,वो सरकारी नौकरियों में भी तेजी से भर्तियां कर रहे हैं,,वो सरकारी नौकरियों में भी तेजी से भर्तियां कर रहे हैं,वो सरकारी नौकरियों में भी तेजी से भर्तियां कर रहे हैं 
176,बीते पांच सालों में करीब चालीस हजार सरकारी भर्तियां की गई हैं,बीते पांच सालों में करीब चालीस हजार सरकारी भर्तियां की गई हैं,,बीते पांच सालों में करीब चालीस हजार सरकारी भर्तियां की गई हैं,,बीते पांच सालों में करीब चालीस हजार सरकारी भर्तियां की गई हैं,बीते पांच सालों में करीब चालीस हज़ार सरकारी भर्तियां की गई हैं 
177,अभी करीब दो हजार नौजवानों को तो इस कार्यक्रम में ही एंप्लॉयमेंट लेटर मिला,अभी करीब दो हजार नौजवानों को तो इस कार्यक्रम में ही एंप्लॉयमेंट लेटर मिला,,अभी करीब दो हजार नौजवानों को तो इस कार्यक्रम में ही एंप्लॉयमेंट लेटर मिला,,अभी करीब दो हजार नौजवानों को तो इस कार्यक्रम में ही एंप्लॉयमेंट लेटर मिला,अभी करीब दो हजार नौजवानों को तो इस कार्यक्रम में ही एम्प्लॉयमेंट लेटर 
178,कश्मीर में हो रहे लाखों करोड़ रुपय के निवेश से भी,कश्मीर में हो रहे लाखों करोड़ रुपय के निवेश से भी,,कश्मीर में हो रहे लाखों करोड़ रुपय के निवेश से भी,,कश्मीर में हो रहे लाखों करोड़ रुपय के निवेश से भी,मिला है कश्मीर में हो रहे लाखों करोड़ रुपए के निवेश से भी
179,स्थानीय युवाओं के लिए हजारों नई नौकरियां बन रही हैं,स्थानीय युवाओं के लिए हजारों नई नौकरियां बन रही हैं,,स्थानीय युवाओं के लिए हजारों नई नौकरियां बन रही हैं,,स्थानीय युवाओं के लिए हजारों नई नौकरियां बन रही हैं,स्थानीय युवाओं के लिए हजारों नई नौकरियां बन रही हैं 
180,भाई और बहनों रोड और रेल कनेक्टिविटी हो एजुकेशन और हेल्थ से जुड़,भाई और बहनों रोड और रेल कनेक्टिविटी हो एजुकेशन और हेल्थ से जुड़,,भाई और बहनों रोड और रेल कनेक्टिविटी हो एजुकेशन और हेल्थ से जुड़ी,,भाई और बहनों रोड और रेल कनेक्टिविटी हो एजुकेशन और हेल्थ से जुड़,"भाइयों और बहनों,रोड और रेल कनेक्टिविटी हो, एजुकेशन और हेल्थ से"
181,जुड़ा इन्फ्रास्ट्रक्चर हो या फिर बिजली पानी हर मोर्चे पर जम्मू कश्मीर में,जुड़ा इन्फ्रास्ट्रक्चर हो या फिर बिजली पानी हर मोर्चे पर जम्मू कश्मीर में,,जुड़ा इन्फ्रास्ट्रक्चर हो या फिर बिजली पानी हर मोर्चे पर जम्मू कश्मीर में,,जुड़ा इन्फ्रास्ट्रक्चर हो या फिर बिजली पानी हर मोर्चे पर जम्मू कश्मीर में,"जुड़ा इंफ्रास्ट्रक्चर हो, या फिर बिजली-पानी हर मोर्चे पर जम्मू-कश्मीर में"
182,बड़े पैमाने पर काम हो रहा है पीएम ग्रामीण सड़क योजना के तहत,बड़े पैमाने पर काम हो रहा है पीएम ग्रामीण सड़क योजना के तहत,,बड़े पैमाने पर काम हो रहा है पीएम ग्रामीण सड़क योजना के तहत,,बड़े पैमाने पर काम हो रहा है पीएम ग्रामीण सड़क योजना के तहत,बड़े पैमाने पर काम हो रहा है पीएम ग्रामीण सड़क योजना के
183,यहां हजारों किलोमीटर नई सड़कें बनी हैं जम्मू कश्मीर में,त हहाँ हजारों किलोमीटर नई सड़कें बनी हैं जम्मू कश्मीर में,,हहां हजारों किलोमीटर नई सड़कें बनी हैं जम्मू कश्मीर में,,यहां हजारों किलोमीटर नई सड़कें बनी हैं जम्मू कश्मीर में,तहत यहां हज़ारों किलोमीटर नई सड़कें बनी हैं जम्मू कश्मीर में
184,नए नए नेशनल हाईवे बन रहे हैं एक्सप्रेस वे बन रहे हैं,नए नए नेशनल हाईवे बन रहे हैं एक्सप्रेस वे बन रहे हैं,,नए नए नेशनल हाईवे बन रहे हैं एक्सप्रेस वे बन रहे हैं,,नए नए नेशनल हाईवे बन रहे हैं एक्सप्रेस वे बन रहे हैं,"नए-नए नेशनल हाईवे बन रहे हैं, एक्सप्रेस वे बन रहे हैं "
185,कश्मीर घाटी रेल कनेक्टिविटी से भी जुड़ रही है चिनाम नदी पर बने दुनिया के,कश्मीर घाटी रेल कनेक्टिविटी से भी जुड़ रही है चिनाम नदी पर बने दुनिया के,,कश्मीर घाटी रेल कनेक्टिविटी से भी जुड़ रही है चिनाम नदी पर बने दुनिया के,,कश्मीर घाटी रेल कनेक्टिविटी से भी जुड़ रही है चिनाम नदी पर बने दुनिया के,कश्मीर घाटी रेल कनेक्टिविटी से भी जुड़ रही है चिनाब नदी पर बने दुनिया के
186,सबसे ऊंचे रेलवे ब्रिज की तस्वीरें देखकर तो हर भारतवासी गर्व से भर उठता है,सबसे ऊंचे रेलवे ब्रिज की तस्वीरें देखकर तो हर भारतवासी गर्व से भर उठता है,,सबसे ऊंचे रेलवे ब्रिज की तस्वीरें देखकर तो हर भारतवासी गर्व से भर उठता है,,सबसे ऊंचे रेलवे ब्रिज की तस्वीरें देखकर तो हर भारतवासी गर्व से भर उठता है,सबसे ऊंचे रेलवे ब्रिज की तस्वीरें देखकर तो हर भारतवासी गर्व से भर उठता है 
187,नॉर्थ कश्मीर की गुरेज गाडी को पहली बार,नॉर्थ कश्मीर की गुरेज गाटी को पहली बार ब,,नॉर्थ कश्मीर की गुरेज गाड़ी को पहली बार,,नॉर्थ कश्मीर की गुरेज गाडी को पहली बार,नॉर्थ कश्मीर की गुरेज़ घाटी को पहली बार
188,बिजली ग्रिड से जोड़ा गया है कश्मीर में एग्रीकल्चर हो,बिजली ग्रिड से जोड़ा गया है कश्मीर में एग्रीकल्चर हो,,बिजली ग्रिड से जोड़ा गया है कश्मीर में एग्रीकल्चर हो,,बिजली ग्रिड से जोड़ा गया है कश्मीर में एग्रीकल्चर हो,"बिजली ग्रिड से जोड़ा गया है कश्मीर में एग्रीकल्चर हो,"
189,हॉर्टीकल्चर हो हथकरघा उद्योग हो स्पोर्ट्स हो,हॉर्टीकल्चर हो हथकरघा उद्योग हो स्पोर्ट्स हो,,हॉर्टीकल्चर हो हथकरघा उद्योग हो स्पोर्ट्स हो,,हॉर्टीकल्चर हो हथकरघा उद्योग हो स्पोर्ट्स हो,"हॉर्टिकल्चर हो, हथकरघा उद्योग हो, स्पोर्ट्स हो या"
190,या फिर स्टार्टअप्स सभी के लिए अवसर बन रहे हैं और मैं भी ऊपर,या फिर स्टार्टअप्स सभी के लिए अवसर बन रहे हैं और मैं भी ऊपर,,या फिर स्टार्टअप्स सभी के लिए अवसर बन रहे हैं और मैं भी ऊपर,,या फिर स्टार्टअप्स सभी के लिए अवसर बन रहे हैं और मैं भी ऊपर,या फिर स्टार्ट-अप्स सभी के लिए अवसर बन रहे हैं और मैं अभी ऊपर
191,स्टार्टअप की दुनिया से जुड़े नौजवानों से मिलकर के आया मुझाने में देरी,स्टार्टअप की दुनिया से जुड़े नौजवानों से मिलकर के आया मुझाने में देरी,,स्टार्टअप की दुनिया से जुड़े नौजवानों से मिलकर के आया मुझाने में देरी,,स्टार्टअप की दुनिया से जुड़े नौजवानों से मिलकर के आया मुझाने में देरी,स्टार्टअप की दुनिया से जुड़े नौजवानों से मिलकर के आया हूं मुझे आने में देरी
192,इसलिए हुई क्युंकि मैं उनको इतना सुनना चाहता था उनके पास इतना कुछ कहने को था इनका,इसलिए हुई क्योंकि मैं उनको इतना सुनना चाहता था उनके पास इतना कुछ कहने को था इनका,,इसलिए हुई क्युंकि मैं उनको इतना सुनना चाहता था उनके पास इतना कुछ कहने को था इनका,,इसलिए हुई क्युंकि मैं उनको इतना सुनना चाहता था उनके पास इतना कुछ कहने को था इनका,"इसलिए हुई, क्योंकि मैं उनको इतना सुनना चाहता, उनके पास इतना कुछ कहने को था,"
193,आत्मविश्वास मेरे मन को बड़ा उत्साहित कर रहा था और अच्छे,आत्मविश्वास मेरे मन को बड़ा उत्साहित कर रहा था और अच्छे,,आत्मविश्वास मेरे मन को बड़ा उत्साहित कर रहा था और अच्छे,,आत्मविश्वास मेरे मन को बड़ा उत्साहित कर रहा था और अच्छे,इनका आत्मविश्वास मेरे मन को बड़ा उत्साहित कर रहा था और
194,अच्ी पढ़ाई छोड़ कर के अच्छी कैरियर छोड़ कर के अपने आपको स्टार्ट हो,छी पढ़ाई छोड़ कर के अच्छी कैरियर छोड़ कर केे अपने आपको स्टार्ट,,अची पढ़ाई छोड़ कर के अच्छी कैरियर छोड़ कर के अपने आपको स्टार्ट हो,,अच्ी पढ़ाई छोड़ कर के अच्छी कैरियर छोड़ कर के अपने आपको स्टार्ट हो,"अच्छी पढ़ाई छोड़कर के, अच्छी करियर छोड़कर के अपने आप को"
195,में झोंक दिया है यहां के नौजवानों ने और उन्होंने करके दिखाया मुझे बता रहा कोई तो किसी ने दो साल पहले चालू किया,में झोंक दिया है यहां के नौजवानों ने और उन्होंने करके दिखाया मुझे बता रहा कोई तो किसी ने दो साल पहले चालू किया,,में झोंक दिया है यहां के नौजवानों ने और उन्होंने करके दिखाया मुझे बता रहा कोई तो किसी ने दो साल पहले चालू किया,,में झोंक दिया है यहां के नौजवानों ने और उन्होंने करके दिखाया मुझे बता रहा कोई तो किसी ने दो साल पहले चालू किया,स्टार्टअप में झोंक दिया है यहां के नौजवानों ने और उन्होंने करके दिखाया मुझे बता रहे थे किसी ने दो साल पहले चालू किया
196,किसी ने तीन साल पहले चालू किया और आज एक नाम बना दिया है और उसमें हर प्रकार के स्टार्टअप्स हैं,किसी ने तीन साल पहले चालू किया और आज एक नाम बना दिया है और उसमें हर प्रकार के स्टार्टअप्स हैं,,किसी ने तीन साल पहले चालू किया और आज एक नाम बना दिया है और उसमें हर प्रकार के स्टार्टअप्स हैं,,किसी ने तीन साल पहले चालू किया और आज एक नाम बना दिया है और उसमें हर प्रकार के स्टार्टअप्स हैं,किसी ने तीन साल पहले चालू किया और आज एक नाम बना दिया है और उसमें हर प्रकार के स्टार्टअप्स हैं 
197,आयुर्वेद से जुड़े विषय हुए हैं खानपान से जुड़े विषय हैं वहां पर,आयुर्वेद से जुड़े विषय हुए हैं खानपान से जुड़े विषय हैं वहां पर,,आयुर्वेद से जुड़े विषय हुए हैं खानपान से जुड़े विषय हैं वहां पर,,आयुर्वेद से जुड़े विषय हुए हैं खानपान से जुड़े विषय हैं वहां पर,"आयुर्वेद से जुड़े विषय भी हैं, खानपान से जुड़े विषय हैं वहां पर"
198,इन्फॉर्मेशन टेक्नोलॉजी के नए पराक्रम दिखते हैं साइबर सिक्योरिटी की चर्चा नजर आ रही है फैशन डिजाइन,इन्फॉर्मेशन टेक्नोलॉजी के नए पराक्रम दिखते हैं साइबर सिक्योरिटी की चर्चा नजर आ रही है फैशन डिजाइन,,इन्फॉर्मेशन टेक्नोलॉजी के नए पराक्रम दिखते हैं साइबर सिक्योरिटी की चर्चा नजर आ रही है फैशन डिजाइन,,इन्फॉर्मेशन टेक्नोलॉजी के नए पराक्रम दिखते हैं साइबर सिक्योरिटी की चर्चा नजर आ रही है फैशन डिजाइन,"इनफार्मेशन टेक्नोलॉजी के नए पराक्रम दिखते हैं, साइबर सिक्योरिटी की चर्चा नजर आ रही है फैशन डिज़ाइन ै"
199,टूरिज्म को बल देने वाला होम स्टे की कल्पना है यानी शायद,टूरिज्म को बल देने वाला होम से की कल्पना है यानी शायद,,टूरिज्म को बल देने वाला होम स्टे की कल्पना है यानी शायद,,टूरिज्म को बल देने वाला होम स्टे की कल्पना है यानी शायद,"है, टूरिज़्म को बल देने वाला होम स्टे की कल्पना है यानि शायद"
200,इतने क्षेत्रों में जम्मू कश्मीर में स्टार्टअप हो सकते हो और मेरे जम्मू कश्मीर के नौजवान,इतने क्षेत्रों में जम्मू कश्मीर में स्टार्टअप हो सकते हो और मेरे जम्मू कश्मीर के नौजवान,,इतने क्षेत्रों में जम्मू कश्मीर में स्टार्टअप हो सकते हैं और मेरे जम्मू कश्मीर के नौजवान,,इतने क्षेत्रों में जम्मू कश्मीर में स्टार्टअप हो सकते हो और मेरे जम्मू कश्मीर के नौजवान,इतने क्षेत्रों में जम्मू कश्मीर में स्टार्टअप्स हो सकते हैं और मेरे जम्मू कश्मीर के नौजवान
201,स्टार्टअप की दुनिया में अपना डंका बजा रहे हो ये देखने का बहुत खुशी का म,स्टार्टअप की दुनिया में अपना डंका बजा रहे हो ये देखने का बहुत खुशी का,,स्टार्टअप की दुनिया में अपना डंका बजा रहे हो ये देखने का बहुत खुशी का म,,स्टार्टअप की दुनिया में अपना डंका बजा रहे हो ये देखने का बहुत खुशी का म,"स्टार्टअप की दुनिया में अपना डंका बजा रहे हो, ये देखने का बहुत खुशी का"
202,पल था मेरे लिए दोस्तों मैं इन सब नौजवानों को बधाई देता हूँ साथियों,पल था मेरे लिए दोस्तों मैं इन सब नौजवानों को बधाई देता हूँ साथियों,,पपल था मेरे लिए दोस्तों मैं इन सब नौजवानों को बधाई देता हूँ साथियों,,पल था मेरे लिए दोस्तों मैं इन सब नौजवानों को बधाई देता हूँ साथियों,"पल था मेरे लिए दोस्तों मैं इन सब नौजवानों को बधाई देता हूं साथियों,"
203,आज जम्मू कश्मीर स्टार्टअप स्किल डेवलपमेंट स्पोर्ट्स का,आज जम्मू कश्मीर स्टार्टअप स्किल डेवलपमेंट स्पोर्ट्स का,,आज जम्मू कश्मीर स्टार्टअप स्किल डेवलपमेंट स्पोर्ट्स का,,आज जम्मू कश्मीर स्टार्टअप स्किल डेवलपमेंट स्पोर्ट्स का,"आज जम्मू कश्मीर स्टार्ट-अप्स, स्किल डेवलपमेंट और स्पोर्ट्स का"
204,एक बड़ा हब बन रहा है और मेरा मत है जम्मू कश्मीर के पास,एक बड़ा हब बन रहा है और मेरा मत है जम्मू कश्मीर के पास,,एक बड़ा हब बन रहा है और मेरा मत है जम्मू कश्मीर के पास,,एक बड़ा हब बन रहा है और मेरा मत है जम्मू कश्मीर के पास,"एक बड़ा हब बन रहा है और मेरा मत है, जम्मू कश्मीर के पास"
205,स्पोर्ट्स की टैलेंट जो है ना अद्भुत है,स्पोर्ट्स की टैलेंट जो है ना अद्भुत है,,स्पोर्ट्स की टैलेंट जो है ना अद्भुत है ज,,स्पोर्ट्स की टैलेंट जो है ना अद्भुत है,स्पोर्टस की टैलेंट जो है ना अद्भुत है 
206,और मुझे पक्का विश्वास है जो हम इन्फ्रास्ट्रक्चर तैयार कर रहे हैं कोचिश की व्यवस्थाएं कर,और मुझे पक्का विश्वास है जो हम इन्फ्रास्ट्रक्चर तैयार कर रहे हैं कोचिश की व्यवस्थाएं कर,,और मुझे पक्का विश्वास है जो हम इन्फ्रास्ट्रक्चर तैयार कर रहे हैं कोचिश की व्यवस्थाएं कर,,और मुझे पक्का विश्वास है जो हम इन्फ्रास्ट्रक्चर तैयार कर रहे हैं कोचिश की व्यवस्थाएं कर,"और अब मुझे पक्का विश्वास है जो हम इंफ्रास्ट्रक्चर तैयार कर रहे हैं, वो चीज की व्यवस्था"
207,कर रहे हैं नए नए खेलों को बढ़ावा दे रहे हैं बहुत बड़ी मात्रा में इंटरनेशनल,कर रहे हैं नए नए खेलों को बढ़ावा दे रहे हैं बहुत बड़ी मात्रा में इंटरनेशनल,,कर रहे हैं नए नए खेलों को बढ़ावा दे रहे हैं बहुत बड़ी मात्रा में इंटरनेशनल,,कर रहे हैं नए नए खेलों को बढ़ावा दे रहे हैं बहुत बड़ी मात्रा में इंटरनेशनल,"कर रहे हैं, नए-नए खेलों को बढ़ावा दे रहे हैं बहुत बड़ी मात्रा में इंटरनेशनल "
208,खेलों की दुनिया में जम्मू कश्मीर के बच्चों का नाम रोशन होगा,खेलों की दुनिया में जम्मू कश्मीर के बच्चों का नाम रोशन होगा,,खेलों की दुनिया में जम्मू कश्मीर के बच्चों का नाम रोशन होगा,,खेलों की दुनिया में जम्मू कश्मीर के बच्चों का नाम रोशन होगा,खेलों की दुनिया में जम्मू कश्मीर के बच्चों का नाम रोशन होगा 
209,और जम्मू कश्मीर के बच्चे मेरे देश का नाम रोशन करते रहेंगे ये मैं अपनी आंखों से देख रहा हूं,और जम्मू कश्मीर के बच्चे मेरे देश का नाम रोशन करते रहेंगे ये मैं अपनी आंखों से देख रहा हूं,,और जम्मू कश्मीर के बच्चे मेरे देश का नाम रोशन करते रहेंगे ये मैं अपनी आंखों से देख रहा हूं,,और जम्मू कश्मीर के बच्चे मेरे देश का नाम रोशन करते रहेंगे ये मैं अपनी आंखों से देख रहा हूं,"और जम्मू कश्मीर के बच्चे मेरे देश का नाम रोशन करके रहेंगे, ये मैं अपनी आंखों से देख "
210,साथियों यहां खेती से जुड़े,साथियों यहां खेती से जुड़े,,साथियों यहां खेती से जुड़े,,साथियों यहां खेती से जुड़े,"साथियों,यहां खेती से जुड़े"
211,सेक्टर में मुझे बताया गया करीब सत्तर स्टार्टअप्स बने हैं,सेक्टर में मुझे बताया गया करीब सत्तर स्टार्ट्स बने हैं,,सेक्टर में मुझे बताया गया करीब सत्तर स्टार्टप्स बने हैं,,सेक्टर में मुझे बताया गया करीब सत्तर स्टार्टअप्स बने हैं,सेक्टर में मुझे बताया गया करीब सत्तर स्टार्ट अप्स बने हैं 
212,यानी एग्रीकल्चर सेक्टर का ही रिवोल्यूशन मैं देखता हूँ और ये नई जनरेशन का एग्रीकल्चर,यानी एग्रीकल्चर सेक्टर का ह रिवोल्यूशन मैं देखता हूँ और ये नई जनरेशन का एग्रीकल्चर,,यानी एग्रीकल्चर सेक्टर का ही रिवोल्यूशन मैं देखता हूँ और ये नई जनरेशन का एग्रीकल्चर,,यानी एग्रीकल्चर सेक्टर का ही रिवोल्यूशन मैं देखता हूँ और ये नई जनरेशन का एग्रीकल्चर,यानि एग्रीकल्चर सेक्टर का रेवोलुशन मैं देखता हूं और ये नई जनरेशन का
213,कल्चर को मॉडर्नाइज करने का ये जो व्यू है ग्लोबल मार्केट की तरफ नजर करने का उनका दृष्टिकोण है,कक्चर को मॉडर्नाइज करने का ये जो व्यू है ग्लोबल मार्केट की तरफ नजर करने का उनका दृष्टिकोण है,,कल्चर को मॉडर्नाइज करने का ये जो व्यू है ग्लोबल मार्केट की तरफ नजर करने का उनका दृष्टिकोण है,,कल्चर को मॉडर्नाइज करने का ये जो व्यू है ग्लोबल मार्केट की तरफ नजर करने का उनका दृष्टिकोण है,एग्रीकल्चर को मोडर्नाइज़ करने का ये जो व्यू है ग्लोबल मार्किट t की तरफ नजर करने का उनका दृष्टिकोण है
214,ये वाकई बड़ा प्रेरणा देने वाला है बीते कुछ सालों में ही यहाँ पच्चीस,ये वाकई बड़ा प्रेरणा देने वाला है बीते कुछ सालों में ही यहां पच्चीस,,ये वाकई बड़ा प्रेरणा देने वाला है बीते कुछ सालों में ही यहाँ पच्चीस,,ये वाकई बड़ा प्रेरणा देने वाला है बीते कुछ सालों में ही यहाँ पच्चीस,ये वाकई बड़ा प्रेरणा देने वाला है बीते कुछ सालों में ही यहां 
215,पचास से ज्यादा डिग्री कॉलेज बने हैं यह आंकड़ा छोटा नहीं है,पचास से ज्यादा डिग्री कॉलेज बने हैं यह आंकड़ा छोटा नहीं है,,पचास से ज्यादा डिग्री कॉलेज बने हैं यह आंकड़ा छोटा नहीं है,,पचास से ज्यादा डिग्री कॉलेज बने हैं यह आंकड़ा छोटा नहीं है,पच्चास से ज्यादा डिग्री कॉलेज बने हैं ये आंकड़ा छोटा नहीं है 
216,अगर पिछले आजादी के बाद के पचास साठ साल देखे और यह द स सााल,अगर पिछले आजादी के बाद के पचास साठ साल देखे और ये दसालाल,,अगर पिछले आजादी के बाद के पचास साठ साल देखे और येहसालाल,,अगर पिछले आजादी के बाद के पचास साठ साल देखे और यह द स सााल,अगर पिछले आजादी के बाद के पच्चास -साथ साल देखें और ये दस 
217,साल देखे तो आसमान जमीन का अंतर नजर आएगा पॉलिटेक्निक में सीटें बढ़ने से  आहां गए,साल देखें तो आसमान जमीन का अंतर नजर आएगा पॉलिटेक्निक में सीटे बढ़ने से आहां गए,,साल देखें तो आसमान जमीन का अंतर नजर आएगा पॉलिटेक्निक में सीटें बढ़ने से  आहां गए,,साल देखे तो आसमान जमीन का अंतर नजर आएगा पॉलिटेक्निक में सीटें बढ़ने से  आहां गए,साल देखें तब आसमान जमीन का अंतर नजर आएगा पॉलिटेक्निक में सीटें बढ़ने से यहां 
218,नौजवानों को नई स्किल सीखने का मौका मिला है आज जम्मू कश्मीर में,नौजवानों को नई स्किल सीखने का मौका मिला है आज जम्मू कश्मीर में,,नौजवानों को नई स्किल सीखने का मौका मिला है आज जम्मू कश्मीर में,,नौजवानों को नई स्किल सीखने का मौका मिला है आज जम्मू कश्मीर में,के नौजवानों को नई स्किल्स सीखने का मौका मिला है आज जम्मू कश्मीर में
219,आई आई टी है आई एम है एम्स बन रहा है अनेकों नए मेडिकल,आई आई टी है आई एम है एम्स बन रहा है अनेकों नए मेडिकल,,आई आई टी है आई एम है एम्स बन रहा है अनेकों नए मेडिकल,,आई आई टी है आई एम है एम्स बन रहा है अनेकों नए मेडिकल,"आई आई टी है,आई आई एम् है, एम्स बन रहा हैं, अनेकों नए"
220,कॉलेज बने हैं टूरिज्म और हॉस्पिटैलिटी सेक्टर में लोकल लेवल पर स्किला,कॉलेज बने हैं टूरिज्म और हॉस्पिटैलिटी सेक्टर में लोकल लेवल पर स्कोलाा,,कॉलेज बने हैं टूरिज्म और हॉस्पिटैलिटी सेक्टर में लोकल लेवल पर स्किला,,कॉलेज बने हैं टूरिज्म और हॉस्पिटैलिटी सेक्टर में लोकल लेवल पर स्किला,मेडिकल कॉलेज बने हैं टूरिज्म और हॉस्पिटैलिटी सेक्टर में लोकल लेवल पर
221,सिल्स भी तैयार की जा रही है टूरिस्ट गाइड्स के लिए ऑनलाइन कोर्स हो स्कूल,सिल्स भी तैयार की जा रही है टूरिस्ट गाइड्स के लिए ऑनलाइन कोर्स हो स्कूल,,सिल्स भी तैयार की जा रही है टूरिस्ट गाइड्स के लिए ऑनलाइन कोर्स हो स्कूल,,सिल्स भी तैयार की जा रही है टूरिस्ट गाइड्स के लिए ऑनलाइन कोर्स हो स्कूल,"स्किल्स भी तैयार की जा रही हैं टूरिस्ट गाइड्स के लिए ऑनलाइन कोर्स हों,"
222,कॉलेज यूनिवर्सिटी में युवा टूरिज्म क्लब की स्थापना हो ये सब काम आज कश्मीर में ब,कॉलेज यूनिवर्सिटी में युवा टूरिज्म क्लब की स्थापना हो ये सब काम आज कश्मीर में,,कॉलेज यूनिवर्सिटी में युवा टूरिज्म क्लब की स्थापना हो ये सब काम आज कश्मीर में,,कॉलेज यूनिवर्सिटी में युवा टूरिज्म क्लब की स्थापना हो ये सब काम आज कश्मीर में ब,"स्कूल-कॉलेज-यूनिवर्सिटीज़ में युवा टूरिज्म क्लब की स्थापना हो, ये सब काम आज कश्मीर में "
223,बहुत बड़ी मात्रा में हो रहे हैं साथियों जम्मू कश्मीर में हो रहे विकास कार्यों का,बहुत बड़ी मात्रा में हो रहे हैं साथियों जम्मू कश्मीर में हो रहे विकास कार्यों का,,बहुत बड़ी मात्रा में हो रहे हैं साथियों जम्मू कश्मीर में हो रहे विकास कार्यों का,,बहुत बड़ी मात्रा में हो रहे हैं साथियों जम्मू कश्मीर में हो रहे विकास कार्यों का,"बहुत बड़ी मात्रा में हो रहे हैं साथियों,जम्मू-कश्मीर में हो रहे विकास कार्यों"
224,बहुत ज्यादा लाभ कश्मीर की बेटियों को मिल रहा है,बहुत ज्यादा लाभ कश्मीर की बेटियों को मिल रहा है,,बहुत ज्यादा लाभ कश्मीर की बेटियों को मिल रहा है,,बहुत ज्यादा लाभ कश्मीर की बेटियों को मिल रहा है,का बहुत ज्यादा लाभ कश्मीर की बेटियों को मिल रहा है 
225,सरकार सेल्फ हेल्प ग्रुप्स,सरकार सेल्फ हेल्प ग्रुप,,सरकार सेल्फ हेल्प ग्रुप,,सरकार सेल्फ हेल्प ग्रुप्स,"सरकार, सेल्फ हेल्प ग्रुप्स"
226,से जुड़ी बहनों को टूरिज्म आईटी और दूसरी स्किल्स ट्रेनिंग देने का अभियान,से जुड़ी बहनों को टूरिज्म आईटी और दूसरी स्किल्स ट्रेनिंग देने का अभियान,,से जुड़ी बहनों को टूरिज्म आईटी और दूसरी स्किल्स ट्रेनिंग देने का अभियान,,से जुड़ी बहनों को टूरिज्म आईटी और दूसरी स्किल्स ट्रेनिंग देने का अभियान,"से जुड़ी बहनों को टूरिज्म, आईटी और दूसरी स्किल्स की ट्रेनिंग देने का"
227,अभियान चला रही है दो दिन पहले ही देश में कृषि सखी कार्यक्रम की शुरुआत,अभियान चला रही है दो दिन पहले ही देश में कृषि सठी कार्यक्रम की शुरुआत,,अभियान चला रही है दो दिन पहले ही देश में कृषि सखी कार्यक्रम की शुरुआत,,अभियान चला रही है दो दिन पहले ही देश में कृषि सखी कार्यक्रम की शुरुआत,अभियान चला रही है दो दिन पहले ही देश में ‘कृषि सखी’ कार्यक्रम की
228,बात की गई है आज जम्मू कश्मीर में भी बारह सौ से ज्यादा बहनें,बात की गई है आज जम्मू कश्मीर में भी बारह सौ से ज्यादा बहनें,,बात की गई है आज जम्मू कश्मीर में भी बारह सौ से ज्यादा बहनें,,बात की गई है आज जम्मू कश्मीर में भी बारह सौ से ज्यादा बहनें,"शुरुआत की गई है आज जम्मू-कश्मीर में भी बारह सो से ज्यादा बहनें, "
229,कृषि सखी के रूप में काम कर रही है नमो ड्रॉप,कृषि सखी के रूप में काम कर रही है नमो ड्रॉप,,कृषि सखी के रूप में काम कर रही है नमो ड्रॉप,,कृषि सखी के रूप में काम कर रही है नमो ड्रॉप,‘कृषि सखी’ के रूप में काम कर रही हैं नमो
230,दीधि योजना के तहत भी जम्मू कश्मीर की बेटियों को ट्रेनिंग दी जा रही है वो पायलट,दीधी योजना के तहत भी जम्मू कश्मीर की बेटियों को ट्रेनिंग दी जा रही है वो पायलट,,न दीधि योजना के तहत भी जम्मू कश्मीर की बेटियों को ट्रेनिंग दी जा रही है वो पायलट,,दीधि योजना के तहत भी जम्मू कश्मीर की बेटियों को ट्रेनिंग दी जा रही है वो पायलट,ड्रोन दीदी योजना के तहत भी जम्मू-कश्मीर की बेटियों को ट्रेनिंग दी जा रही है वो
231,है मैंने कुछ महीनों पहले जब दिल्ली में इस योजना का शुभारंभ किया था,ी है मैंने कुछ महीनों पहले जब दिल्ली में इस योजना का शुभारंभ किया था,,है मैंने कुछ महीनों पहले जब दिल्ली में इस योजना का शुभारंभ किया था,,है मैंने कुछ महीनों पहले जब दिल्ली में इस योजना का शुभारंभ किया था,पॉयलट बन रही हैं मैंने कुछ महीनों पहले जब दिल्ली में इस योजना का शुभारंभ किया
232,तब जम्मू कश्मीर की ड्रोन दीदियां भी उसमें शामिल हुई थीं ये सारे प्रयास,तब जम्मू कश्मीर की ड्रोन दीदियां भी उसमें शामिल हुई थीं ये सारे प्रयास,,तब जम्मू कश्मीर की ड्रोन दीदियां भी उसमें शामिल हुई थीं ये सारे प्रयास,,तब जम्मू कश्मीर की ड्रोन दीदियां भी उसमें शामिल हुई थीं ये सारे प्रयास,"था, तब जम्मू कश्मीर की ड्रोन दीदियाँ भी उसमें शामिल हुई थीं ये सारे प्रयास"
233,कश्मीर की महिलाओं की आय बढ़ा रहे हैं उन्हें रोजगार के नए अवसर दे रहे हैं,कश्मीर की महिलाओं की आय बढ़ा रहे हैं उन्हें रोजगार के नए अवसर दे रहे हैं,,कश्मीर की महिलाओं की आय बढ़ा रहे हैं उन्हें रोजगार के नए अवसर दे रहे हैं,,कश्मीर की महिलाओं की आय बढ़ा रहे हैं उन्हें रोजगार के नए अवसर दे रहे हैं,"कश्मीर की महिलाओं की आय बढ़ा रहे हैं, उन्हें रोजगार के नए अवसर दे रहे हैं "
234,देश की तीन करोड़ बहनों को लखपति दीजी बनाने के लिााााा,देश की तीन करोड़ बहनों को लकखपति दीजी बनाने के लिएाा,,देश की तीन करोड़ बहनों को लखपति दीजी बनाने के लिएााााा,,देश की तीन करोड़ बहनों को लखपति दीजी बनाने के लिााााा,देश की तीन करोड़ बहनों को लखपति दीदी बनाने 
235,के लक्ष्य की ओर हमारी सरकार तेजी से आगे बढ़ रही है भाइयों बहनों,के लक्ष्य की ओर हमारी सरकार तेजी से आगे बढ़ रही है भाइयों बहनों,,के लक्ष्य की ओर हमारी सरकार तेजी से आगे बढ़ रही है भाइयों बहनों,,के लक्ष्य की ओर हमारी सरकार तेजी से आगे बढ़ रही है भाइयों बहनों,"के लक्ष्य की ओर हमारी सरकार तेजी से आगे बढ़ रही है,भाइयों और बहनों,"
236,टूरिज्म और स्पोर्ट्स में भारत दुनिया की एक बड़ी पारी,टूरिज्म और स्पोर्ट्स में भारत दुनिया की एक बड़ी पारी,,टूरिज्म और स्पोर्ट्स में भारत दुनिया की एक बड़ी पारी,,टूरिज्म और स्पोर्ट्स में भारत दुनिया की एक बड़ी पारी,टूरिज्म और स्पोर्ट्स में भारत दुनिया की एक बड़ी
237,पावर बनने की तरफ आगे बढ़ रहा है इन दोनों सेक्टर्स में जम्मू कश्मीर के पास,पावर बनने की तरफ आगे बढ़ रहा है इन दोनों सेक्टर्स में जम्मू कश्मीर के पास,,पावर बनने की तरफ आगे बढ़ रहा है इन दोनों सेक्टर्स में जम्मू कश्मीर के पास,,पावर बनने की तरफ आगे बढ़ रहा है इन दोनों सेक्टर्स में जम्मू कश्मीर के पास,पावर बनने की तरफ आगे बढ़ रहा है इन दोनों सेक्टर्स में जम्मू कश्मीर के पास 
238,बहुत सामर्थ्य है आज जम्मू कश्मीर के हर जिले में शानदार,बहुत सामर्थ्य है आज जम्मू कश्मीर के हर जिले में शानदार,,बहुत सामर्थ्य है आज जम्मू कश्मीर के हर जिले में शानदार,,बहुत सामर्थ्य है आज जम्मू कश्मीर के हर जिले में शानदार,बहुत सामर्थ्य है आज जम्मू कश्मीर के हर जिले में शानदार
239,स्पोर्ट्स इंफ्रास्ट्रक्चर बनाया जा रहा है यहां करीब सौ खेलों,स्पोर्ट्स इं्फ्रास्ट्रक्चर बनाया जा रहा है यहां करीब सौ खेलों,,स्पोर्ट्स इं्फ्रास्ट्रक्चर बनाया जा रहा है यहां करीब सौ खेलों,,स्पोर्ट्स इंफ्रास्ट्रक्चर बनाया जा रहा है यहां करीब सौ खेलों,स्पोर्ट्स इंफ्रास्ट्रक्चर बनाया जा रहा है यहां खेलो 
240,खेलो इंडिया के सौ सेंटर्स बनाए जा रहे हैं जम्मू कश्मीर करीब साढ़े चार,खेलो इंडिया के सौ सेंटर्स बनाए जा रहे हैं जम्मू कश्मीर करीब साढ़े चार,,खेलो इंडिया के सौ सेंटर्स बनाए जा रहे हैं जम्मू कश्मीर करीब साढ़े चार,,खेलो इंडिया के सौ सेंटर्स बनाए जा रहे हैं जम्मू कश्मीर करीब साढ़े चार,इंडिया के करीब सो सेंटर्स बनाए जा रहे हैं जम्मू कश्मीर के करीब साढ़े
241,चार हजार नौजवानों को नेशनल और इंटरनेशनल कम्पीटिशन के लिए ट्रेन किया जा रहा है,चार हजार नौजवानों को नेशनल और इंटरनेशनल कम्पीटिशन के लिए ट्रेन किया जा रहा है,,चार हजार नौजवानों को नेशनल और इंटरनेशनल कम्पीटिशन के लिए ट्रेन किया जा रहा है,,चार हजार नौजवानों को नेशनल और इंटरनेशनल कम्पीटिशन के लिए ट्रेन किया जा रहा है, चार हज़ार नौजवानों को नेशनल और इंटरनेशनल कंपीटिशन के लिए ट्रेन किया जा रहा है 
242,ये आंकड़ा बहुत बड़ा है जी विंटर स्पॉट्स के मामले में तो जम्मू कश्मीर,ये आंकड़ा बहुत बड़ा है जी विंटर स्पॉट्स के मामले में तो जम्मू कश्मीर,,ये आंकड़ा बहुत बड़ा है जी विंटर स्पॉट्स के मामले में तो जम्मू कश्मीर,,ये आंकड़ा बहुत बड़ा है जी विंटर स्पॉट्स के मामले में तो जम्मू कश्मीर,ये आंकड़ा बहुत बड़ा है विंटर स्पोर्ट्स के मामले में तो जम्मू कश्मीर
243,एक प्रकार से भारत की कैपिटल बनता जा रहा है इस,एक प्रकार से भारत की कैपिटल बनता जा रहा है इस,,एक प्रकार से भारत की कैपिटल बनता जा रहा है इस,,एक प्रकार से भारत की कैपिटल बनता जा रहा है इस,एक प्रकार से भारत की कैपिटल बनता जा रहा है 
244,इचची फरवरी में ही यहां जो चौथा खेलो इंडिया विंटर गेम्स का आयोजन हुआ उसमें देश,इसचीस फरवरी में ही यहां जो चौथा खेलो इंडिया विंटर गेम्स का आयोजन हुआ उसमें देश,,इचची फरवरी में ही यहां जो चौथा खेलो इंडिया विंटर गेम्स का आयोजन हुआ उसमें देश,,इचची फरवरी में ही यहां जो चौथा खेलो इंडिया विंटर गेम्स का आयोजन हुआ उसमें देश,"इसी फरवरी में ही यहां जो चौथा खेलो इंडिया विंटर गेम्स का आयोजन हुआ, उसमें "
245,भर के आठ सौ से ज़्यादा खिलाड़ियों ने हिस्सा लिया है ऐसे आयोाााा,भर के आठ सौ से ज़्यादा खिलाड़ियों ने हिस्सा लिया हैे आए,,भर के आठ सौ से ज़्यादा खिलाड़ियों ने हिस्सा लिया है ऐसे आएोाााा,,भर के आठ सौ से ज़्यादा खिलाड़ियों ने हिस्सा लिया है ऐसे आयोाााा,देशभर के आठ सो से ज्यादा खिलाड़ियों ने हिस्सा लिया है ऐसे
246,आयोजनों से भविष्य में यहां इंटरनेशनल स्पोर्ट्स इवेंट्स के लिए नई संभावनाएं बनी,आयोजनों से भविष्य में यहां इंटरनेशनल स्पोर्ट्स इवेंट्स के लिए नई संभावनाएं बनी,,आयोजनों से भविष्य में यहां इंटरनेशनल स्पोर्ट्स इवेंट्स के लिए नई संभावनाएं बनी,,आयोजनों से भविष्य में यहां इंटरनेशनल स्पोर्ट्स इवेंट्स के लिए नई संभावनाएं बनी,आयोजनों से भविष्य में यहां इंटरनेशनल स्पोर्ट्स इवेंट्स के लिए नई संभावनाएं 
247,साथियों ये नई ऊर्जा ये नई उमंग,साथियों ये नई ऊर्जा ये नई उमंग,,साथियों ये नई ऊर्जा ये नई उमंग,,साथियों ये नई ऊर्जा ये नई उमंग,"बनेंगी साथियों,ये नई ऊर्जा, ये नई उमंग"
248,और इसके लिए आप सब मुबारक के अधिकारी हैं,और इसके लिए आप सब मुबारक के अधिकारी हैं,,और इसके लिए आप सब मुबारक के अधिकारी हैं,,और इसके लिए आप सब मुबारक के अधिकारी हैं,और इसके लिए आप सब मुबारक के अधिकारी हैं 
249,लेकिन अमन और इंसानयत दु्नि के दुश्मन,लेकिन अमन और इंसानियत दश्नित के दुश्मन,,लेकिन अमन और इंसानयत के दुश्मनों्कन,,लेकिन अमन और इंसानयत दु्नि के दुश्मन,लेकिन अमन और इन्सानियत के 
250,जनों को जम्मू कश्मीर की तरक्की पसंद नहीं है,नों को जम्मू कश्मीर की तरक्की पसंद नहीं है,,जनों को जम्मू कश्मीर की तरक्की पसंद नहीं है,,जनों को जम्मू कश्मीर की तरक्की पसंद नहीं है,दुश्मनों को जम्मू-कश्मीर की तरक्की पसंद नहीं है 
251,आज वो आखिरी कोशिश कर रहे हैं कि जम्मू कश्मीर का विकास रुक सके,आज वो आखिरी कोशिश कर रहे हैं कि जम्मू कश्मीर का विकास रुक सके,,आज वो आखिरी कोशिश कर रहे हैं कि जम्मू कश्मीर का विकास रुक सके,,आज वो आखिरी कोशिश कर रहे हैं कि जम्मू कश्मीर का विकास रुक सके,आज वो आखिरी कोशिश कर रहे हैं कि जम्मू-कश्मीर का विकास रुक सके
252,यहां अमन चैन स्थापित न हो हाल ही में,यहां अमन चैन स्थापित न हो हाल ही में,,यहां अमन चैन स्थापित न हो हाल ही में,,यहां अमन चैन स्थापित न हो हाल ही में,यहां अमन-चैन स्थापित ना हो हाल ही में 
253,जो आतंकी वारदातें हुई हैं उन्हें सरकार ने बहुत गंभीरता से लिया है,जो आतंकी वारदातें हुई हैं उन्हें सरकार ने बहुत गंभीरता से लिया है,,जो आतंकी वारदातें हुई हैं उन्हें सरकार ने बहुत गंभीरता से लिया है,,जो आतंकी वारदातें हुई हैं उन्हें सरकार ने बहुत गंभीरता से लिया है,"जो आतंक की वारदातें हुई हैं, उन्हें सरकार ने बहुत गंभीरता से लिया है "
254,गृहमंत्री जी ने जम्मू कश्मीर प्रशासन के साथ मिलकर सारी व्यवस्थाओं को रिव्यू किया है,गृहमंत्री जी ने जम्मू कश्मीर प्रशासन के साथ मिलकर सारी व्यवस्थाओं को रिव्यू किया है,,गृहमंत्री जी ने जम्मू कश्मीर प्रशासन के साथ मिलकर सारी व्यवस्थाओं को रिव्यू किया है,,गृहमंत्री जी ने जम्मू कश्मीर प्रशासन के साथ मिलकर सारी व्यवस्थाओं को रिव्यू किया है,गृहमंत्री जी ने जम्मू-कश्मीर प्रशासन के साथ मिलकर सारी व्यवस्थाओं को री-व्यू किया है 
255,मैं आपको आश्वस्त करता हूं कि जम्मू कश्मीर के दुश्मनों को,मैं आपको आश्वस्त करता हूं कि जम्मू कश्मीर के दुश्मनों को,,मैं आपको आश्वस्त करता हूं कि जम्मू कश्मीर के दुश्मनों को,,मैं आपको आश्वस्त करता हूं कि जम्मू कश्मीर के दुश्मनों को,मैं आपको आश्वस्त करता हूं कि जम्मू-कश्मीर के दुश्मनों को
256,सबक सिखाने में कोई कोर कसर बाकी नहीं छोड़ेंगे,सबक सिखाने में कोई कोर कसर बाकी नहीं छोड़ेंगे,,सबक सिखाने में कोई कोर कसर बाकी नहीं छोड़ेंगे,,सबक सिखाने में कोई कोर कसर बाकी नहीं छोड़ेंगे,सबक सिखाने में कोई कोर कसर बाकी नहीं छोड़ेंगे 
257,जम्मू कश्मीर की नई पीढ़ी,जम्मू कश्मीर की नई पीढ़ी,,जम्मू कश्मीर की नई पीढ़ी,,जम्मू कश्मीर की नई पीढ़ी,जम्मू कश्मीर की नई पीढ़ी
258,स्थायी शांति के साथ ही जिएगी जम्मू कश्मीर ने तरक्की का जो रास्ता चुना है,स्थायी शांति के साथ ही जीएगी जम्मू कश्मीर ने तरक्की का जो रास्ता चुना है,,स्थायी शांति के साथ ही जिएगी जम्मू कश्मीर ने तरक्की का जो रास्ता चुना है,,स्थायी शांति के साथ ही जिएगी जम्मू कश्मीर ने तरक्की का जो रास्ता चुना है,"स्थाई शांति के साथ ही जिएगी जम्मू-कश्मीर ने तरक्की का जो रास्ता चुना है, "
259,उस रास्ते को हम और मजबूत करेंगे,उस रास्ते को हम और मजबूत करेंगे,,उस रास्ते को हम और मजबूत करेंगे,,उस रास्ते को हम और मजबूत करेंगे,उस रास्ते को हम और मज़बूत करेंगे 
260,एक बार फिर आप सभी को इस अनेक वि नए,एक बार फिर आप सभी को इस अनेक वि नए,,एक बार फिर आप सभी को इस अनेक वि नए,,एक बार फिर आप सभी को इस अनेक वि नए,एक बार फिर आप सभी को इस अनेक विविध नए
261,प्रोजेक्ट्स के लिए मैं बहुत बहुत बधाई देता हूं और कल पूरे,प्रोजेक्ट्स के लिए मैं बहुत बहुत बधाई देता हूं और कल पूरे,,प्रोजेक्ट्स के लिए मैं बहुत बहुत बधाई देता हूं और कल पूरे,,प्रोजेक्ट्स के लिए मैं बहुत बहुत बधाई देता हूं और कल पूरे,प्रोजेक्ट्स के लिए मैं बहुत-बहुत देता हूं और कल पूरे
262,विश्व को अंतरराष्ट्रीय योग दिवस का संदेश श्रीनगर की धरती से जारी,विश्व को अंतरराष्ट्रीय योग दिवस का संदेश श्रीनगर की धरती से जारी,,विश्व को अंतरराष्ट्रीय योग दिवस का संदेश श्रीनगर की धरती से जारी,,विश्व को अंतरराष्ट्रीय योग दिवस का संदेश श्रीनगर की धरती से जारी,विश्व को अंतर्राष्ट्रीय योग दिवस का संदेश श्रीनगर की धरती से
263,रहेगा इससे बड़ा सुहाना अवसर क्या हो सकता है,आएगा इससे बड़ा सुहाना अवसर क्या हो सकता है,,रहेगा इससे बड़ा सुहाना अवसर क्या हो सकता है,,रहेगा इससे बड़ा सुहाना अवसर क्या हो सकता है,"जाएगा, इससे बड़ा सुहाना अवसर क्या हो सकता है "
264,विश्व मंच पर मेरा श्रीनगर फिर से एक बार चमकेगा मेरी आप सबको बहुत बहुत शुभकामनाएं बहुत,विश्व मंच पर मेरा श्रीनगर फिर से एक बार चमपकेगा मेरी आप सबको बहुत बहुत शुभकामनाएं बहुत,,विश्व मंच पर मेरा श्रीनगर फिर से एक बार चमकेगा मेरी आप सबको बहुत बहुत शुभकामनाएं बहुत,,विश्व मंच पर मेरा श्रीनगर फिर से एक बार चमकेगा मेरी आप सबको बहुत बहुत शुभकामनाएं बहुत,विश्व मंच पर मेरा श्रीनगर फिर से एक बार चमकेगा मेरी आप सबको बहुत बहुत शुभकामनाएं 